name,image,category,brand,images,whatsapp_text,badge
The Row Margaux 12 32cm Tote Bag In Suede,https://cdn.shopify.com/s/files/1/0912/9351/6071/files/a1701408857603_3104_bf67a8ef-3110-45e4-9d79-0390264dcdd9.jpg?v=1775554895,handbags,the-row,https://cdn.shopify.com/s/files/1/0912/9351/6071/files/a1701408857603_3104_bf67a8ef-3110-45e4-9d79-0390264dcdd9.jpg?v=1775554895|https://cdn.shopify.com/s/files/1/0912/9351/6071/files/20231201_a1701408759253_6073_jpg_0817077b-c085-4710-8d65-f278d0c5c683.jpg?v=1775554895|https://cdn.shopify.com/s/files/1/0912/9351/6071/files/20231201_a1701408759377_1121_jpg_d3bc51ba-e597-4f57-9b0f-fd9921d2b3b3.jpg?v=1775554895|https://cdn.shopify.com/s/files/1/0912/9351/6071/files/20231201_a1701408759456_5673_jpg_234a3f64-8d4e-4b9b-aa7b-790a53a3c89c.jpg?v=1775554895|https://cdn.shopify.com/s/files/1/0912/9351/6071/files/20231201_a1701408759534_8028_jpg_ce07bff1-f83f-45c6-8c5a-11f76c1782f7.jpg?v=1775554896|https://cdn.shopify.com/s/files/1/0912/9351/6071/files/20231201_a1701408759613_0183_jpg_73174779-d174-49fc-a5f8-fb9ef33dedbf.jpg?v=1775554895|https://cdn.shopify.com/s/files/1/0912/9351/6071/files/20231201_a1701408759757_7042_jpg_95df04f2-261b-4a43-98c7-6ee68cfc1cd4.jpg?v=1775554895|https://cdn.shopify.com/s/files/1/0912/9351/6071/files/20231201_a1701408760018_3601_jpg_82b36e38-3aa8-4633-92f3-5bc3e7725803.jpg?v=1775554895|https://cdn.shopify.com/s/files/1/0912/9351/6071/files/20231201_a1701408760341_4142_jpg_4efe86a8-696e-4c2d-9c37-1741c1bc73ab.jpg?v=1775554895|https://cdn.shopify.com/s/files/1/0912/9351/6071/files/20231201_a1701408760616_4577_jpg_52171b3a-6308-4b4d-b569-e9b152603be3.jpg?v=1775554895|https://cdn.shopify.com/s/files/1/0912/9351/6071/files/a1701408857603_3104_f284429c-1a06-49f4-aa98-1b79dddd71b7.jpg?v=1775554895|https://cdn.shopify.com/s/files/1/0912/9351/6071/files/20231201_a1701408701542_4256_jpg_90abd857-6cad-4a23-b463-6f5e4ef79237.jpg?v=1775554896|https://cdn.shopify.com/s/files/1/0912/9351/6071/files/20231201_a1701408701634_7755_jpg_5d394bdd-d8cc-425d-ae11-60dd00e0ce32.jpg?v=1775554895|https://cdn.shopify.com/s/files/1/0912/9351/6071/files/20231201_a1701408701733_3233_jpg_a853152a-1ea8-4bf1-92e8-3298ee394e63.jpg?v=1775554895|https://cdn.shopify.com/s/files/1/0912/9351/6071/files/20231201_a1701408701821_8010_jpg_ed0b5491-faf7-49c9-b1d6-049d3323c448.jpg?v=1775554895|https://cdn.shopify.com/s/files/1/0912/9351/6071/files/20231201_a1701408701896_3054_jpg_b4a5061a-55a7-428f-8aec-dc1fe3ac63c9.jpg?v=1775554895|https://cdn.shopify.com/s/files/1/0912/9351/6071/files/20231201_a1701408701972_6412_jpg_9a0d14e3-7608-4fec-b9c5-e491ea391e72.jpg?v=1775554895|https://cdn.shopify.com/s/files/1/0912/9351/6071/files/20231201_a1701408702057_5663_jpg_c178db78-0ee7-4b9c-8e02-ab95b7b8d294.jpg?v=1775554895|https://cdn.shopify.com/s/files/1/0912/9351/6071/files/20231201_a1701408702491_6628_jpg_43bf0c0c-76c6-42ca-ad6b-3c72c6623dcd.jpg?v=1775554895,Hi I want The Row Margaux 12 32cm Tote Bag In Suede,
The Row Margaux 12 32cm Tote Bag In Calfskin,https://cdn.shopify.com/s/files/1/0912/9351/6071/files/Untitled_design_1_caf1c20c-dd59-46ea-9f7b-34dd7c2e6c1e.png?v=1775554888,handbags,the-row,https://cdn.shopify.com/s/files/1/0912/9351/6071/files/Untitled_design_1_caf1c20c-dd59-46ea-9f7b-34dd7c2e6c1e.png?v=1775554888|https://cdn.shopify.com/s/files/1/0912/9351/6071/files/img_69643dc5_20250216_i1739706376504_7731_0_8_jpg_f2675240-7dab-4444-8320-434c36573c9b.jpg?v=1775554888|https://cdn.shopify.com/s/files/1/0912/9351/6071/files/img_69643dc5_20250216_i1739706377376_2521_0_7_jpg_21586c58-2634-430d-b73f-59f6d31389e1.jpg?v=1775554887|https://cdn.shopify.com/s/files/1/0912/9351/6071/files/img_69643dc5_20250216_i1739706376490_3502_0_6_jpg_7daa48c0-bdcc-4c0a-9ff5-29c2fb114aef.jpg?v=1775554888|https://cdn.shopify.com/s/files/1/0912/9351/6071/files/img_69643dc5_20250216_i1739706376490_7300_0_0_jpg_37983ba5-3fa2-47c1-a8e5-84695fdeb650.jpg?v=1775554888|https://cdn.shopify.com/s/files/1/0912/9351/6071/files/img_69643dc5_20250216_i1739706502293_5609_0_8_jpg_a8fa372d-2c84-435d-9f56-5f6186623b4e.jpg?v=1775554888|https://cdn.shopify.com/s/files/1/0912/9351/6071/files/img_69643dc5_20250216_i1739706502979_8574_0_0_jpg_42c89696-2416-461f-9a36-81aa6beb00c3.jpg?v=1775554888|https://cdn.shopify.com/s/files/1/0912/9351/6071/files/img_69643dc5_20250216_i1739706502986_6378_0_5_jpg_2bf32471-1b2c-48ab-a42b-bfb61f5e0238.jpg?v=1775554887|https://cdn.shopify.com/s/files/1/0912/9351/6071/files/img_69643dc5_20250216_i1739706502992_1203_0_7_jpg_266e45b8-8e77-4528-bf5d-554eaa9ead86.jpg?v=1775554888|https://cdn.shopify.com/s/files/1/0912/9351/6071/files/img_69643dc5_20250216_i1739706971954_7481_0_5_jpg_d8c763bd-7b5c-498e-aa0f-6147dbbf3660.jpg?v=1775554888|https://cdn.shopify.com/s/files/1/0912/9351/6071/files/img_69643dc5_20250216_i1739706971981_8362_0_8_jpg_3f7a77c3-40a2-4ddf-9cc3-955f0c1f071a.jpg?v=1775554888|https://cdn.shopify.com/s/files/1/0912/9351/6071/files/img_69643dc5_20250216_i1739706972704_1732_0_0_jpg_d5f15842-a6b0-40c6-be0d-0d26a75d2130.jpg?v=1775554888|https://cdn.shopify.com/s/files/1/0912/9351/6071/files/img_69643dc5_20250216_i1739707085388_5855_0_0_jpg_d1c8d76d-8fba-40d3-920b-53fe9165d92c.jpg?v=1775554887|https://cdn.shopify.com/s/files/1/0912/9351/6071/files/img_69643dc5_20250216_i1739707085394_5993_0_1_jpg_2cfa548b-2d76-4358-aeba-5cf82a471eb5.jpg?v=1775554888|https://cdn.shopify.com/s/files/1/0912/9351/6071/files/img_69643dc5_20250216_i1739707085448_6120_0_5_jpg_68b1e13a-5e05-47a6-83c4-d54e403a5e5f.jpg?v=1775554888|https://cdn.shopify.com/s/files/1/0912/9351/6071/files/img_69643dc5_20250216_i1739707086114_8642_0_8_jpg_35f4daa9-59c5-4fd6-bc25-110112065871.jpg?v=1775554888|https://cdn.shopify.com/s/files/1/0912/9351/6071/files/img_69643dc5_20250216_i1739707314478_2003_0_5_jpg_505472c3-a7cf-43e6-8e0d-60abe32379f1.jpg?v=1775554888|https://cdn.shopify.com/s/files/1/0912/9351/6071/files/img_69643dc5_20250216_i1739707314489_7659_0_0_jpg_f8a080e3-b0be-4f95-9f39-a3fb386bd355.jpg?v=1775554888|https://cdn.shopify.com/s/files/1/0912/9351/6071/files/img_69643dc5_20250216_i1739707315156_7426_0_6_jpg_f06164e0-353f-447a-8129-2a4b07d5d0cb.jpg?v=1775554888|https://cdn.shopify.com/s/files/1/0912/9351/6071/files/img_69643dc5_20250216_i1739707315189_8379_0_8_jpg_c514c0d3-2a04-460c-be44-1129c479dc54.jpg?v=1775554888|https://cdn.shopify.com/s/files/1/0912/9351/6071/files/img_69643dc5_20250219_i1739967927603_1666_0_0_jpg_f59e8868-c54f-4a73-aacb-ffdc87833079.jpg?v=1775554888|https://cdn.shopify.com/s/files/1/0912/9351/6071/files/img_69643dc5_20250219_i1739967927605_8197_0_4_jpg_a4655989-8515-4853-a252-795bc057b180.jpg?v=1775554887|https://cdn.shopify.com/s/files/1/0912/9351/6071/files/img_69643dc5_20250219_i1739967928263_1800_0_3_jpg_b3bb85f3-70e4-4036-abfb-3151acbab774.jpg?v=1775554888|https://cdn.shopify.com/s/files/1/0912/9351/6071/files/img_69643dc5_20250219_i1739967928264_7705_0_7_jpg_8491c8ed-9648-48e5-8146-5070ba1ccad7.jpg?v=1775554887|https://cdn.shopify.com/s/files/1/0912/9351/6071/files/img_69643dc5_20250219_i1739967928264_7779_0_2_jpg_bef5d493-99bb-47d3-8537-77cd12c4eb21.jpg?v=1775554888,Hi I want The Row Margaux 12 32cm Tote Bag In Calfskin,
The Row Margaux 15 38cm Tote Bag In Suede,https://cdn.shopify.com/s/files/1/0912/9351/6071/files/Untitled_design_2_034e7ec1-c208-4346-a442-790678e6cf13.png?v=1772076654,handbags,the-row,https://cdn.shopify.com/s/files/1/0912/9351/6071/files/Untitled_design_2_034e7ec1-c208-4346-a442-790678e6cf13.png?v=1772076654|https://cdn.shopify.com/s/files/1/0912/9351/6071/files/20240423_i1713844729_2130_5_jpg_4ec6225c-ea0b-407a-930b-006b45a5e4a6.jpg?v=1772076654|https://cdn.shopify.com/s/files/1/0912/9351/6071/files/20240423_i1713844729_2863_1_jpg_1ac8485a-3bae-48db-974f-803b6d36b633.jpg?v=1772076654|https://cdn.shopify.com/s/files/1/0912/9351/6071/files/20240423_i1713844729_3600_2_jpg_55c14996-a87a-452a-8169-bdce42f99d04.jpg?v=1772076654|https://cdn.shopify.com/s/files/1/0912/9351/6071/files/20240428_i1714280248_3875_7_jpg_b632fc8b-fe45-4f10-a02e-b8abb67ea81d.jpg?v=1772076654|https://cdn.shopify.com/s/files/1/0912/9351/6071/files/20240428_i1714280248_4930_5_jpg_5d350945-6a6d-46ca-b5a6-245b30f50d8f.jpg?v=1772076654|https://cdn.shopify.com/s/files/1/0912/9351/6071/files/20240428_i1714280248_5732_1_jpg_8f333d4c-813c-4e16-a6a1-14e407d43d18.jpg?v=1772076654|https://cdn.shopify.com/s/files/1/0912/9351/6071/files/20240428_i1714280248_9218_2_jpg_6fb4d4e9-809b-47aa-9d70-28e740e4e08b.jpg?v=1772076654|https://cdn.shopify.com/s/files/1/0912/9351/6071/files/20231207_i1701922130_2210_4_jpg_a55f1c96-81e7-4d44-8e73-30270d5d6e6c.jpg?v=1772076654|https://cdn.shopify.com/s/files/1/0912/9351/6071/files/20231207_i1701922130_265_6_jpg_221a4860-3472-4499-a1b3-31a6b46a3718.jpg?v=1772076654|https://cdn.shopify.com/s/files/1/0912/9351/6071/files/20231207_i1701922130_4028_8_jpg_0e7d5e73-3ccc-490c-8a18-c55b7a4cb243.jpg?v=1772076654|https://cdn.shopify.com/s/files/1/0912/9351/6071/files/20231207_i1701922130_4076_2_jpg_db41eded-dafb-4152-98c1-d36f9ea98406.jpg?v=1772076654|https://cdn.shopify.com/s/files/1/0912/9351/6071/files/20240423_i1713844659_5068_2_jpg_1ada488b-fe1e-4ed4-b391-7f5d838d06e6.jpg?v=1772076654|https://cdn.shopify.com/s/files/1/0912/9351/6071/files/20240423_i1713844659_5307_4_jpg_5ecd7c51-bb45-4404-aab7-a7bee2c71f1a.jpg?v=1772076654|https://cdn.shopify.com/s/files/1/0912/9351/6071/files/20240423_i1713844659_5357_1_jpg_c1b57117-b854-4a83-86e1-9b2616eb4890.jpg?v=1772076654|https://cdn.shopify.com/s/files/1/0912/9351/6071/files/20240423_i1713844729_1705_6_jpg_5470127b-25b4-421c-97c7-337dcd478f76.jpg?v=1772076654,Hi I want The Row Margaux 15 38cm Tote Bag In Suede,
The Row 2025 Peggy Clutch 28cm Black Leather,https://cdn.shopify.com/s/files/1/0912/9351/6071/files/img_79693ae8_20250328_i1743128955145_8462_0_0_jpg.jpg?v=1764936637,handbags,the-row,https://cdn.shopify.com/s/files/1/0912/9351/6071/files/img_79693ae8_20250328_i1743128955145_8462_0_0_jpg.jpg?v=1764936637|https://cdn.shopify.com/s/files/1/0912/9351/6071/files/img_79693ae8_20250328_i1743128955091_8461_0_1_jpg.jpg?v=1764936637|https://cdn.shopify.com/s/files/1/0912/9351/6071/files/img_79693ae8_20250328_i1743128955151_1927_0_5_jpg.jpg?v=1764936637|https://cdn.shopify.com/s/files/1/0912/9351/6071/files/img_79693ae8_20250328_i1743128955180_1248_0_8_jpg.jpg?v=1764936638|https://cdn.shopify.com/s/files/1/0912/9351/6071/files/img_79693ae8_20250328_i1743128955236_7424_0_6_jpg.jpg?v=1764936637|https://cdn.shopify.com/s/files/1/0912/9351/6071/files/img_79693ae8_20250328_i1743128956257_3819_0_3_jpg.jpg?v=1764936637|https://cdn.shopify.com/s/files/1/0912/9351/6071/files/img_79693ae8_20250328_i1743128956279_1285_0_2_jpg.jpg?v=1764936637|https://cdn.shopify.com/s/files/1/0912/9351/6071/files/img_79693ae8_20250328_i1743128956300_7171_0_4_jpg.jpg?v=1764936637|https://cdn.shopify.com/s/files/1/0912/9351/6071/files/img_79693ae8_20250328_i1743128956309_3193_0_7_jpg.jpg?v=1764936637,Hi I want The Row 2025 Peggy Clutch 28cm Black Leather,New
The Row 2025 Marlo Bag  Black Leather,https://cdn.shopify.com/s/files/1/0912/9351/6071/files/img_79693ae8_20250819_i1755573626509_7804_0_0_jpg.jpg?v=1764936611,handbags,the-row,https://cdn.shopify.com/s/files/1/0912/9351/6071/files/img_79693ae8_20250819_i1755573626509_7804_0_0_jpg.jpg?v=1764936611|https://cdn.shopify.com/s/files/1/0912/9351/6071/files/img_79693ae8_20250819_i1755573626509_1027_0_7_jpg.jpg?v=1764936611|https://cdn.shopify.com/s/files/1/0912/9351/6071/files/img_79693ae8_20250819_i1755573626509_4304_0_5_jpg.jpg?v=1764936611|https://cdn.shopify.com/s/files/1/0912/9351/6071/files/img_79693ae8_20250819_i1755573626509_4445_0_6_jpg.jpg?v=1764936611|https://cdn.shopify.com/s/files/1/0912/9351/6071/files/img_79693ae8_20250819_i1755573626509_9352_0_3_jpg.jpg?v=1764936611|https://cdn.shopify.com/s/files/1/0912/9351/6071/files/img_79693ae8_20250819_i1755573627959_3356_0_2_jpg.jpg?v=1764936611|https://cdn.shopify.com/s/files/1/0912/9351/6071/files/img_79693ae8_20250819_i1755573627962_1429_0_1_jpg.jpg?v=1764936612|https://cdn.shopify.com/s/files/1/0912/9351/6071/files/img_79693ae8_20250819_i1755573627982_1533_0_4_jpg.jpg?v=1764936611|https://cdn.shopify.com/s/files/1/0912/9351/6071/files/img_79693ae8_20250819_i1755573628005_6035_0_8_jpg.jpg?v=1764936611,Hi I want The Row 2025 Marlo Bag  Black Leather,New
The Row 90's Bag 19cm Calfskin,https://cdn.shopify.com/s/files/1/0912/9351/6071/files/i1739707632019_5560_0_0.jpg?v=1778839871,handbags,the-row,https://cdn.shopify.com/s/files/1/0912/9351/6071/files/i1739707632019_5560_0_0.jpg?v=1778839871|https://cdn.shopify.com/s/files/1/0912/9351/6071/files/img_69643dc5_20250216_i1739707615871_6661_0_4_jpg_d0394a65-9dfb-46e0-bd72-3acc70423a24.jpg?v=1778839871|https://cdn.shopify.com/s/files/1/0912/9351/6071/files/img_69643dc5_20250216_i1739707615871_7065_0_2_jpg_5f01a5e7-68b5-40d7-8ba7-42a8d03f6ce3.jpg?v=1778839871|https://cdn.shopify.com/s/files/1/0912/9351/6071/files/img_69643dc5_20250216_i1739707616284_8845_0_6_jpg_97f23384-c335-4eb7-9df0-19711d4303f2.jpg?v=1778839871|https://cdn.shopify.com/s/files/1/0912/9351/6071/files/img_69643dc5_20250216_i1739707572584_140_0_8_jpg_8ad3501a-4b92-45b0-802e-a8d8c36b041d.jpg?v=1778839871|https://cdn.shopify.com/s/files/1/0912/9351/6071/files/img_69643dc5_20250216_i1739707592808_6930_0_1_jpg_a3f3a52c-bb82-4b6d-b682-7914f45430be.jpg?v=1778839871|https://cdn.shopify.com/s/files/1/0912/9351/6071/files/img_69643dc5_20250216_i1739707572564_126_0_4_jpg_99c88a51-f490-47c2-b81f-804d140b0fa0.jpg?v=1778839871|https://cdn.shopify.com/s/files/1/0912/9351/6071/files/img_69643dc5_20250216_i1739707573079_2450_0_1_jpg_73f50edd-83bd-44a4-a10b-07873ab9d1e8.jpg?v=1778839871|https://cdn.shopify.com/s/files/1/0912/9351/6071/files/img_69643dc5_20250216_i1739707573086_8349_0_3_jpg_ed6c9d56-b588-43b7-8015-0e9ed4fc68e7.jpg?v=1778839871|https://cdn.shopify.com/s/files/1/0912/9351/6071/files/img_69643dc5_20250216_i1739707573091_3611_0_0_jpg_c0cb3ac0-3948-49a9-8c07-8cb50a6bae70.jpg?v=1778839871|https://cdn.shopify.com/s/files/1/0912/9351/6071/files/img_69643dc5_20250216_i1739707592822_8599_0_3_jpg_da0060d3-02a0-4d32-830e-b233d0d7830c.jpg?v=1778839871|https://cdn.shopify.com/s/files/1/0912/9351/6071/files/img_69643dc5_20250216_i1739707593290_7955_0_0_jpg_f786c317-7e9c-4d3c-bdbc-f8242f2c1168.jpg?v=1778839871|https://cdn.shopify.com/s/files/1/0912/9351/6071/files/img_69643dc5_20250216_i1739707593291_3387_0_8_jpg_383b4c32-c3d8-4411-9751-8d3c002575cf.jpg?v=1778839871|https://cdn.shopify.com/s/files/1/0912/9351/6071/files/img_69643dc5_20250216_i1739707615865_5165_0_0_jpg_6feae78a-57a6-4c8e-a030-cfe831796873.jpg?v=1778839871,Hi I want The Row 90's Bag 19cm Calfskin,
The Row Margaux 10 26cm Tote Bag In Smooth Calfskin,https://cdn.shopify.com/s/files/1/0912/9351/6071/files/Untitled_design_8_85448c89-2638-4c1d-bbce-6123da0d8e9a.png?v=1777025547,handbags,the-row,https://cdn.shopify.com/s/files/1/0912/9351/6071/files/Untitled_design_8_85448c89-2638-4c1d-bbce-6123da0d8e9a.png?v=1777025547|https://cdn.shopify.com/s/files/1/0912/9351/6071/files/20240722_a1721620016068_1615_jpg_d9794a7c-15d8-4953-82cd-47fce15f770d.jpg?v=1777025546|https://cdn.shopify.com/s/files/1/0912/9351/6071/files/20240722_a1721620016792_7173_jpg_3750cdad-4f35-4305-b4cb-892b05601daa.jpg?v=1777025546|https://cdn.shopify.com/s/files/1/0912/9351/6071/files/20240929_a1727574473185_8323_jpg_08203f2b-cd99-405d-be51-a3db89c9568f.jpg?v=1777025547|https://cdn.shopify.com/s/files/1/0912/9351/6071/files/20240929_a1727574473328_4257_jpg_2eeede9e-46f1-4ef9-85f2-cbfeacd7a027.jpg?v=1777025547|https://cdn.shopify.com/s/files/1/0912/9351/6071/files/20240929_a1727574474173_1344_jpg_9f0c141d-ff38-44ba-8d59-9b6ea4e0d15d.jpg?v=1777025547|https://cdn.shopify.com/s/files/1/0912/9351/6071/files/20240929_a1727574474271_8724_jpg_92935416-ed31-4271-a2c9-093640b82c8f.jpg?v=1777025547|https://cdn.shopify.com/s/files/1/0912/9351/6071/files/20240929_a1727574474467_1743_jpg_09530fde-4dbf-4636-a8cb-dfffd5193d61.jpg?v=1777025547|https://cdn.shopify.com/s/files/1/0912/9351/6071/files/20241212_a1733979808427_4736_jpg_2400f3fe-55fd-4dec-9d2a-785df2219ed5.jpg?v=1777025547|https://cdn.shopify.com/s/files/1/0912/9351/6071/files/20241212_a1733979808594_0157_jpg_d1224ee8-32f8-4f68-9b56-fc6927cfd9a0.jpg?v=1777025547|https://cdn.shopify.com/s/files/1/0912/9351/6071/files/20241212_a1733979809498_7543_jpg_9320eab1-88fc-4d83-965f-5dcbda6499d4.jpg?v=1777025547|https://cdn.shopify.com/s/files/1/0912/9351/6071/files/20240525_i1716630744_2618_8_jpg_f405cd32-45f8-4e30-b7f4-0c513ba213e4.jpg?v=1777025547|https://cdn.shopify.com/s/files/1/0912/9351/6071/files/20241212_a1733979809669_3346_jpg_b14b8be0-6c9e-4e2f-8c81-6ce555b0c4ab.jpg?v=1777025546|https://cdn.shopify.com/s/files/1/0912/9351/6071/files/20241212_a1733979809749_5887_jpg_3ab9fe9d-bf5a-428a-95c0-4c1533481f04.jpg?v=1777025546|https://cdn.shopify.com/s/files/1/0912/9351/6071/files/20240525_i1716630744_3410_2_jpg_c0471188-f109-42c9-a04e-4226b8b13db8.jpg?v=1777025546|https://cdn.shopify.com/s/files/1/0912/9351/6071/files/20240525_i1716630744_8381_1_jpg_78cb2695-e096-4619-90dd-0cb93f5eef6f.jpg?v=1777025546|https://cdn.shopify.com/s/files/1/0912/9351/6071/files/20240525_i1716630744_8442_0_jpg_a4d455c6-97fb-47ac-8fcf-1bd437469e31.jpg?v=1777025547|https://cdn.shopify.com/s/files/1/0912/9351/6071/files/20240722_a1721620014694_1422_jpg_b64df754-d899-44e2-b97a-67990e86f933.jpg?v=1777025547|https://cdn.shopify.com/s/files/1/0912/9351/6071/files/20240722_a1721620014886_7271_jpg_9a0675ed-7bce-48ad-8cf2-2ecc2a0501ca.jpg?v=1777025547|https://cdn.shopify.com/s/files/1/0912/9351/6071/files/20240722_a1721620015547_3342_jpg_7faffc9f-2f0f-4cbf-b21a-78e0dcfd1fdb.jpg?v=1777025546|https://cdn.shopify.com/s/files/1/0912/9351/6071/files/20240722_a1721620015845_7243_jpg_87f40833-adca-4101-95fd-7aacc9573f42.jpg?v=1777025547,Hi I want The Row Margaux 10 26cm Tote Bag In Smooth Calfskin,
The Row Margaux 32cm Black Grained Calfskin,https://cdn.shopify.com/s/files/1/0912/9351/6071/files/Image_202502091605441_9b8f9138-0d36-4bc4-83b7-ba4209d2febf.jpg?v=1775554915,handbags,the-row,https://cdn.shopify.com/s/files/1/0912/9351/6071/files/Image_202502091605441_9b8f9138-0d36-4bc4-83b7-ba4209d2febf.jpg?v=1775554915|https://cdn.shopify.com/s/files/1/0912/9351/6071/files/Image_20250209160531_fa29884b-ff0a-456e-894a-fde50b92318c.jpg?v=1775554915|https://cdn.shopify.com/s/files/1/0912/9351/6071/files/Image_20250209160544_7762bf17-bda7-4b6b-8c9c-dd4581f3b982.jpg?v=1775554915|https://cdn.shopify.com/s/files/1/0912/9351/6071/files/Image_20250209160545_c63cd4b4-519c-459e-8be8-1ffb42cc1862.jpg?v=1775554914|https://cdn.shopify.com/s/files/1/0912/9351/6071/files/Image_20250209160546_c125859b-1961-4425-95ab-29b4db7d162b.jpg?v=1775554915|https://cdn.shopify.com/s/files/1/0912/9351/6071/files/Image_202502091605461_5b509e2e-9b21-4f4a-96de-f67e350e5081.jpg?v=1775554915|https://cdn.shopify.com/s/files/1/0912/9351/6071/files/Image_20250209160547_7d3bb941-3931-49ac-955d-aa623ea71d7b.jpg?v=1775554915|https://cdn.shopify.com/s/files/1/0912/9351/6071/files/Image_20250209160548_72053c68-ea93-416c-848d-938ffe45d810.jpg?v=1775554915|https://cdn.shopify.com/s/files/1/0912/9351/6071/files/Image_20250209160549_56a8da33-6f35-4544-983f-794f35f1ae51.jpg?v=1775554914,Hi I want The Row Margaux 32cm Black Grained Calfskin,
The Row 2025 Alger Bag 39cm Dark Brown Cowhide,https://cdn.shopify.com/s/files/1/0912/9351/6071/files/img_79693ae8_20251005_i1759624461320_9915_0_0_jpg.jpg?v=1764936601,handbags,the-row,https://cdn.shopify.com/s/files/1/0912/9351/6071/files/img_79693ae8_20251005_i1759624461320_9915_0_0_jpg.jpg?v=1764936601|https://cdn.shopify.com/s/files/1/0912/9351/6071/files/img_79693ae8_20251005_i1759624461257_7458_0_1_jpg.jpg?v=1764936601|https://cdn.shopify.com/s/files/1/0912/9351/6071/files/img_79693ae8_20251005_i1759624461301_4936_0_5_jpg.jpg?v=1764936602|https://cdn.shopify.com/s/files/1/0912/9351/6071/files/img_79693ae8_20251005_i1759624461319_4818_0_3_jpg.jpg?v=1764936601|https://cdn.shopify.com/s/files/1/0912/9351/6071/files/img_79693ae8_20251005_i1759624461369_9969_0_6_jpg.jpg?v=1764936602|https://cdn.shopify.com/s/files/1/0912/9351/6071/files/img_79693ae8_20251005_i1759624462982_418_0_2_jpg.jpg?v=1764936602|https://cdn.shopify.com/s/files/1/0912/9351/6071/files/img_79693ae8_20251005_i1759624463837_9213_0_8_jpg.jpg?v=1764936601|https://cdn.shopify.com/s/files/1/0912/9351/6071/files/img_79693ae8_20251005_i1759624463860_8149_0_4_jpg.jpg?v=1764936602|https://cdn.shopify.com/s/files/1/0912/9351/6071/files/img_79693ae8_20251005_i1759624463964_4496_0_7_jpg.jpg?v=1764936601,Hi I want The Row 2025 Alger Bag 39cm Dark Brown Cowhide,New
The Row 2025 N/S Park Tote Bag Milk Tea Calfskin,https://cdn.shopify.com/s/files/1/0912/9351/6071/files/img_79693ae8_20251116_i1763262449022_3675_0_0_jpg.jpg?v=1764936584,handbags,the-row,https://cdn.shopify.com/s/files/1/0912/9351/6071/files/img_79693ae8_20251116_i1763262449022_3675_0_0_jpg.jpg?v=1764936584|https://cdn.shopify.com/s/files/1/0912/9351/6071/files/img_79693ae8_20251116_i1763262448911_9382_0_5_jpg.jpg?v=1764936584|https://cdn.shopify.com/s/files/1/0912/9351/6071/files/img_79693ae8_20251116_i1763262448973_2156_0_4_jpg.jpg?v=1764936584|https://cdn.shopify.com/s/files/1/0912/9351/6071/files/img_79693ae8_20251116_i1763262449004_7851_0_8_jpg.jpg?v=1764936584|https://cdn.shopify.com/s/files/1/0912/9351/6071/files/img_79693ae8_20251116_i1763262449043_6587_0_6_jpg.jpg?v=1764936584|https://cdn.shopify.com/s/files/1/0912/9351/6071/files/img_79693ae8_20251116_i1763262450382_6448_0_7_jpg.jpg?v=1764936584|https://cdn.shopify.com/s/files/1/0912/9351/6071/files/img_79693ae8_20251116_i1763262450414_9458_0_1_jpg.jpg?v=1764936584|https://cdn.shopify.com/s/files/1/0912/9351/6071/files/img_79693ae8_20251116_i1763262450421_7244_0_3_jpg.jpg?v=1764936584|https://cdn.shopify.com/s/files/1/0912/9351/6071/files/img_79693ae8_20251116_i1763262450441_2603_0_2_jpg.jpg?v=1764936584,Hi I want The Row 2025 N/S Park Tote Bag Milk Tea Calfskin,New
The Row Soft Margaux 10 Dark Brown Suede,https://cdn.shopify.com/s/files/1/0912/9351/6071/files/Image_20240930113858_ec800880-ea4e-450e-81d1-83ed15669d86.jpg?v=1775812437,handbags,the-row,https://cdn.shopify.com/s/files/1/0912/9351/6071/files/Image_20240930113858_ec800880-ea4e-450e-81d1-83ed15669d86.jpg?v=1775812437|https://cdn.shopify.com/s/files/1/0912/9351/6071/files/Image_202409301139121_1ae904a2-2888-49c1-8e7d-bf01e90c39e2.jpg?v=1775812437|https://cdn.shopify.com/s/files/1/0912/9351/6071/files/Image_20240930113913_16c8c343-e417-4e5f-b55a-6d35849c5302.jpg?v=1775812436|https://cdn.shopify.com/s/files/1/0912/9351/6071/files/Image_20240930113914_0eb017b1-0ae4-4227-9f07-2603e7a213b5.jpg?v=1775812437|https://cdn.shopify.com/s/files/1/0912/9351/6071/files/Image_20240930113915_187fcf90-a138-4934-9663-d2aa8d0a7516.jpg?v=1775812437|https://cdn.shopify.com/s/files/1/0912/9351/6071/files/Image_20240930113916_fdf8fc40-95e6-4a50-9dbf-e77f1b2cc30c.jpg?v=1775812436|https://cdn.shopify.com/s/files/1/0912/9351/6071/files/Image_20240930113917_0b3ccde2-cfb9-42a1-a447-2e6cf8f8f62d.jpg?v=1775812437|https://cdn.shopify.com/s/files/1/0912/9351/6071/files/Image_20240930113918_e731ae17-5b1d-4cc8-ad45-be70d8cb0a7a.jpg?v=1775812437,Hi I want The Row Soft Margaux 10 Dark Brown Suede,
The Row Agnes Tote Bag 30cm Black Leather,https://cdn.shopify.com/s/files/1/0912/9351/6071/files/img_69643dc5_20250216_i1739708146899_3970_0_0_jpg.jpg?v=1759118451,handbags,the-row,https://cdn.shopify.com/s/files/1/0912/9351/6071/files/img_69643dc5_20250216_i1739708146899_3970_0_0_jpg.jpg?v=1759118451|https://cdn.shopify.com/s/files/1/0912/9351/6071/files/img_69643dc5_20250216_i1739708145903_2517_0_8_jpg.jpg?v=1759118451|https://cdn.shopify.com/s/files/1/0912/9351/6071/files/img_69643dc5_20250216_i1739708145913_1130_0_3_jpg.jpg?v=1759118451|https://cdn.shopify.com/s/files/1/0912/9351/6071/files/img_69643dc5_20250216_i1739708145922_9272_0_1_jpg.jpg?v=1759118451|https://cdn.shopify.com/s/files/1/0912/9351/6071/files/img_69643dc5_20250216_i1739708145926_324_0_6_jpg.jpg?v=1759118451|https://cdn.shopify.com/s/files/1/0912/9351/6071/files/img_69643dc5_20250216_i1739708145932_3406_0_2_jpg.jpg?v=1759118451|https://cdn.shopify.com/s/files/1/0912/9351/6071/files/img_69643dc5_20250216_i1739708146881_1985_0_4_jpg.jpg?v=1759118451|https://cdn.shopify.com/s/files/1/0912/9351/6071/files/img_69643dc5_20250216_i1739708146882_2201_0_5_jpg.jpg?v=1759118451|https://cdn.shopify.com/s/files/1/0912/9351/6071/files/img_69643dc5_20250216_i1739708146897_5718_0_7_jpg.jpg?v=1759118451,Hi I want The Row Agnes Tote Bag 30cm Black Leather,
The Row 90's Bag 19cm Smooth Calfskin,https://cdn.shopify.com/s/files/1/0912/9351/6071/files/i1739707556766_995_0_0_16e1dba5-4569-40dc-b0cf-9399ac4e259a.jpg?v=1778839873,handbags,the-row,https://cdn.shopify.com/s/files/1/0912/9351/6071/files/i1739707556766_995_0_0_16e1dba5-4569-40dc-b0cf-9399ac4e259a.jpg?v=1778839873|https://cdn.shopify.com/s/files/1/0912/9351/6071/files/img_69643dc5_20250216_i1739707498698_1827_0_0_jpg_c9c5d716-9a9d-4e09-a3ad-887e8e06bcd5.jpg?v=1778839874|https://cdn.shopify.com/s/files/1/0912/9351/6071/files/img_69643dc5_20250216_i1739707518249_8511_0_5_jpg_e8f2ffe9-2738-4cca-95c5-0f49f4876905.jpg?v=1778839873|https://cdn.shopify.com/s/files/1/0912/9351/6071/files/img_69643dc5_20250216_i1739707518643_3285_0_4_jpg_f53968f9-9576-467f-ad16-e50f498b6575.jpg?v=1778839874|https://cdn.shopify.com/s/files/1/0912/9351/6071/files/img_69643dc5_20250216_i1739707518653_2009_0_7_jpg_3ccc9656-b519-48c5-8319-b6a8a13d5f30.jpg?v=1778839873|https://cdn.shopify.com/s/files/1/0912/9351/6071/files/img_69643dc5_20250216_i1739707518664_9674_0_0_jpg_548610a2-0467-43ef-93fd-f8e013a21890.jpg?v=1778839873|https://cdn.shopify.com/s/files/1/0912/9351/6071/files/img_69643dc5_20250216_i1739707540432_8492_0_6_jpg_8b60d6ae-f852-4ac9-acf1-3ef673883c5d.jpg?v=1778839873|https://cdn.shopify.com/s/files/1/0912/9351/6071/files/img_69643dc5_20250216_i1739707540454_9970_0_8_jpg_9b542ae1-1623-469c-ad47-b7b29167c2c7.jpg?v=1778839873|https://cdn.shopify.com/s/files/1/0912/9351/6071/files/img_69643dc5_20250216_i1739707540771_651_0_0_jpg_529418a1-2671-4e19-9c9b-0be50c6d6a5d.jpg?v=1778839874|https://cdn.shopify.com/s/files/1/0912/9351/6071/files/img_69643dc5_20250216_i1739707540776_5865_0_4_jpg_3c565a33-3f31-4aad-9071-8d1a15a0aa9e.jpg?v=1778839873|https://cdn.shopify.com/s/files/1/0912/9351/6071/files/img_69643dc5_20250216_i1739707472771_4949_0_4_jpg_2619fb6a-c87f-4b2a-a638-8b282423fcdf.jpg?v=1778839873|https://cdn.shopify.com/s/files/1/0912/9351/6071/files/img_69643dc5_20250216_i1739707473454_7111_0_7_jpg_69a8730e-faba-44bd-a90d-8f34954d86d8.jpg?v=1778839873|https://cdn.shopify.com/s/files/1/0912/9351/6071/files/img_69643dc5_20250216_i1739707473465_7341_0_0_jpg_51613320-4d4f-435e-ad20-f446e93d2e29.jpg?v=1778839874|https://cdn.shopify.com/s/files/1/0912/9351/6071/files/img_69643dc5_20250216_i1739707473469_9326_0_6_jpg_d4f5df6f-6a2e-423f-b9e0-279fa1f5a2a9.jpg?v=1778839873|https://cdn.shopify.com/s/files/1/0912/9351/6071/files/img_69643dc5_20250216_i1739707498111_9889_0_3_jpg_a28180c5-c27c-481a-ada5-f7452c1de782.jpg?v=1778839873|https://cdn.shopify.com/s/files/1/0912/9351/6071/files/img_69643dc5_20250216_i1739707498245_796_0_6_jpg_3b6d4b80-2872-4743-a1f6-a363d9203909.jpg?v=1778839873|https://cdn.shopify.com/s/files/1/0912/9351/6071/files/img_69643dc5_20250216_i1739707498674_2470_0_8_jpg_94969403-1318-46d7-8ecc-a3542dd4f782.jpg?v=1778839873|https://cdn.shopify.com/s/files/1/0912/9351/6071/files/img_69643dc5_20250216_i1739707498682_5621_0_7_jpg_7bd4c028-de16-46ef-8a69-a8fa21a3d41f.jpg?v=1778839873,Hi I want The Row 90's Bag 19cm Smooth Calfskin,
The Row Margaux 10 26cm Tote Bag In Grained Calfskin,https://cdn.shopify.com/s/files/1/0912/9351/6071/files/Untitled_design_6_9c1c5ba1-fe91-49a3-857d-32bcd52bc210.png?v=1775903251,handbags,the-row,https://cdn.shopify.com/s/files/1/0912/9351/6071/files/Untitled_design_6_9c1c5ba1-fe91-49a3-857d-32bcd52bc210.png?v=1775903251|https://cdn.shopify.com/s/files/1/0912/9351/6071/files/20231130_i1701323514_4902_1_jpg_b5b83cfb-7d62-4e22-ac1c-c41a642c9de2.jpg?v=1775903251|https://cdn.shopify.com/s/files/1/0912/9351/6071/files/20231130_i1701323514_8499_0_jpg_114f7569-78cf-4b9a-bdb3-17b340ec4df1.jpg?v=1775903252|https://cdn.shopify.com/s/files/1/0912/9351/6071/files/20241107_a1730947162666_0007_jpg_1e18fe65-f3cc-4bf1-91e1-4e962b5d2551.jpg?v=1775903252|https://cdn.shopify.com/s/files/1/0912/9351/6071/files/20241107_a1730947162863_3418_jpg_77e2da19-5a65-492c-b00b-74fcf6fe9484.jpg?v=1775903251|https://cdn.shopify.com/s/files/1/0912/9351/6071/files/20241107_a1730947165123_2223_jpg_302febb0-aa07-4401-9c2e-d3a0f96afb9e.jpg?v=1775903252|https://cdn.shopify.com/s/files/1/0912/9351/6071/files/20241107_a1730947165883_5872_jpg_edc331ab-48f6-454e-912c-2f57fedfe43c.jpg?v=1775903251|https://cdn.shopify.com/s/files/1/0912/9351/6071/files/20241205_a1733371540226_6071_jpg_40173548-894a-4b58-b7ed-4d974f981a19.jpg?v=1775903251|https://cdn.shopify.com/s/files/1/0912/9351/6071/files/20241205_a1733371540427_5345_jpg_b1f16c49-30b8-4f11-b7b5-f7500fcdead7.jpg?v=1775903251|https://cdn.shopify.com/s/files/1/0912/9351/6071/files/20241205_a1733371541064_8453_jpg_e32609dd-379d-4cab-a49c-463872bfb8e8.jpg?v=1775903251|https://cdn.shopify.com/s/files/1/0912/9351/6071/files/20241205_a1733371541214_2277_jpg_01b80387-fb79-42a7-b3ad-02ec30a7b26f.jpg?v=1775903252|https://cdn.shopify.com/s/files/1/0912/9351/6071/files/20231117_a1700192812897_0378_jpg_90349b93-c205-40d2-ae5e-391dcd7b3ea2.jpg?v=1775903251|https://cdn.shopify.com/s/files/1/0912/9351/6071/files/20231117_a1700192813006_0567_jpg_598e1718-24b1-4820-b5dd-188280df4dde.jpg?v=1775903251|https://cdn.shopify.com/s/files/1/0912/9351/6071/files/20231117_a1700192813282_8622_jpg_89092e4b-e869-4857-8411-2b4ef797cc47.jpg?v=1775903253|https://cdn.shopify.com/s/files/1/0912/9351/6071/files/20231117_a1700192813350_3242_jpg_765f330f-7056-4955-ad78-84774ae1c851.jpg?v=1775903252|https://cdn.shopify.com/s/files/1/0912/9351/6071/files/20231117_a1700192813432_5878_jpg_05a0c7ea-b984-474f-bfbe-9edf11a292e7.jpg?v=1775903251|https://cdn.shopify.com/s/files/1/0912/9351/6071/files/20231130_i1701323514_1538_6_jpg_8220af25-1dca-4dae-8ada-505afce95c99.jpg?v=1775903251|https://cdn.shopify.com/s/files/1/0912/9351/6071/files/20231130_i1701323514_2101_7_jpg_cb4efd32-b160-497d-b2fa-9b2e3f47e35f.jpg?v=1775903251|https://cdn.shopify.com/s/files/1/0912/9351/6071/files/20231130_i1701323514_234_4_jpg_2c6f012f-d2f9-45bf-bb10-f93841fac437.jpg?v=1775903251,Hi I want The Row Margaux 10 26cm Tote Bag In Grained Calfskin,
The Row Margaux 32cm Black Calfskin,https://cdn.shopify.com/s/files/1/0912/9351/6071/files/Image_20241202232559_c6040a1c-d3eb-4c1e-bfcc-fa92cc71d162.jpg?v=1775554917,handbags,the-row,https://cdn.shopify.com/s/files/1/0912/9351/6071/files/Image_20241202232559_c6040a1c-d3eb-4c1e-bfcc-fa92cc71d162.jpg?v=1775554917|https://cdn.shopify.com/s/files/1/0912/9351/6071/files/Image_202412022325591_d5db5548-b334-444e-bb92-e5fa007a95a1.jpg?v=1775554916|https://cdn.shopify.com/s/files/1/0912/9351/6071/files/Image_20241202232600_6920bd59-35b4-42d7-8b04-2f4b340192a3.jpg?v=1775554917|https://cdn.shopify.com/s/files/1/0912/9351/6071/files/Image_20241202232601_d095a762-9aa1-4b08-88dd-e23f55bfb61e.jpg?v=1775554917|https://cdn.shopify.com/s/files/1/0912/9351/6071/files/Image_202412022326011_e92a5bcd-3b40-4b07-9689-c9049acce45a.jpg?v=1775554917|https://cdn.shopify.com/s/files/1/0912/9351/6071/files/Image_20241202232602_306dad10-7869-4cd6-99c9-b2aa0e155e77.jpg?v=1775554917,Hi I want The Row Margaux 32cm Black Calfskin,
The Row 2025 Slouchy Banana 34cm Black Leather,https://cdn.shopify.com/s/files/1/0912/9351/6071/files/20230608_i1686197677_9008_0_jpg.jpg?v=1764936649,handbags,the-row,https://cdn.shopify.com/s/files/1/0912/9351/6071/files/20230608_i1686197677_9008_0_jpg.jpg?v=1764936649|https://cdn.shopify.com/s/files/1/0912/9351/6071/files/20230608_i1686197677_7022_2_jpg.jpg?v=1764936649|https://cdn.shopify.com/s/files/1/0912/9351/6071/files/20230608_i1686197677_435_1_jpg.jpg?v=1764936649|https://cdn.shopify.com/s/files/1/0912/9351/6071/files/20230608_i1686197677_2026_5_jpg.jpg?v=1764936649|https://cdn.shopify.com/s/files/1/0912/9351/6071/files/20230608_i1686197677_3887_6_jpg.jpg?v=1764936649|https://cdn.shopify.com/s/files/1/0912/9351/6071/files/20230608_i1686197677_5142_4_jpg.jpg?v=1764936649|https://cdn.shopify.com/s/files/1/0912/9351/6071/files/20230608_i1686197677_8256_8_jpg.jpg?v=1764936649|https://cdn.shopify.com/s/files/1/0912/9351/6071/files/20230608_i1686197677_9027_7_jpg.jpg?v=1764936649|https://cdn.shopify.com/s/files/1/0912/9351/6071/files/20230608_i1686197677_9067_3_jpg.jpg?v=1764936649,Hi I want The Row 2025 Slouchy Banana 34cm Black Leather,New
The Row 2025 Spring Backpack 38cm Black Leather Fabric,https://cdn.shopify.com/s/files/1/0912/9351/6071/files/img_79693ae8_20250709_i1752027967586_6931_0_0_jpg.jpg?v=1764936647,handbags,the-row,https://cdn.shopify.com/s/files/1/0912/9351/6071/files/img_79693ae8_20250709_i1752027967586_6931_0_0_jpg.jpg?v=1764936647|https://cdn.shopify.com/s/files/1/0912/9351/6071/files/img_79693ae8_20250709_i1752027967560_2459_0_6_jpg.jpg?v=1764936647|https://cdn.shopify.com/s/files/1/0912/9351/6071/files/img_79693ae8_20250709_i1752027966467_295_0_2_jpg.jpg?v=1764936647|https://cdn.shopify.com/s/files/1/0912/9351/6071/files/img_79693ae8_20250709_i1752027966481_1597_0_4_jpg.jpg?v=1764936647|https://cdn.shopify.com/s/files/1/0912/9351/6071/files/img_79693ae8_20250709_i1752027966489_8832_0_1_jpg.jpg?v=1764936647|https://cdn.shopify.com/s/files/1/0912/9351/6071/files/img_79693ae8_20250709_i1752027967527_6226_0_9_jpg.jpg?v=1764936647|https://cdn.shopify.com/s/files/1/0912/9351/6071/files/img_79693ae8_20250709_i1752027967565_5409_0_11_jpg.jpg?v=1764936647|https://cdn.shopify.com/s/files/1/0912/9351/6071/files/img_79693ae8_20250709_i1752027968114_4448_0_3_jpg.jpg?v=1764936647|https://cdn.shopify.com/s/files/1/0912/9351/6071/files/img_79693ae8_20250709_i1752027968115_4818_0_10_jpg.jpg?v=1764936647,Hi I want The Row 2025 Spring Backpack 38cm Black Leather Fabric,New
The Row 2025 Harper Backpack 26cm Black Leather,https://cdn.shopify.com/s/files/1/0912/9351/6071/files/img_79693ae8_20250913_i1757737813519_5771_0_0_jpg.jpg?v=1764936645,handbags,the-row,https://cdn.shopify.com/s/files/1/0912/9351/6071/files/img_79693ae8_20250913_i1757737813519_5771_0_0_jpg.jpg?v=1764936645|https://cdn.shopify.com/s/files/1/0912/9351/6071/files/img_79693ae8_20250913_i1757737811798_4143_0_7_jpg.jpg?v=1764936645|https://cdn.shopify.com/s/files/1/0912/9351/6071/files/img_79693ae8_20250913_i1757737811808_1900_0_4_jpg.jpg?v=1764936645|https://cdn.shopify.com/s/files/1/0912/9351/6071/files/img_79693ae8_20250913_i1757737811814_4386_0_3_jpg.jpg?v=1764936644|https://cdn.shopify.com/s/files/1/0912/9351/6071/files/img_79693ae8_20250913_i1757737811814_8307_0_5_jpg.jpg?v=1764936645|https://cdn.shopify.com/s/files/1/0912/9351/6071/files/img_79693ae8_20250913_i1757737811814_8478_0_1_jpg.jpg?v=1764936644|https://cdn.shopify.com/s/files/1/0912/9351/6071/files/img_79693ae8_20250913_i1757737813409_9112_0_8_jpg.jpg?v=1764936645|https://cdn.shopify.com/s/files/1/0912/9351/6071/files/img_79693ae8_20250913_i1757737813498_710_0_2_jpg.jpg?v=1764936645|https://cdn.shopify.com/s/files/1/0912/9351/6071/files/img_79693ae8_20250913_i1757737813562_1983_0_6_jpg.jpg?v=1764936645,Hi I want The Row 2025 Harper Backpack 26cm Black Leather,New
The Row 2025 Round 90's Bag Yellow Leather,https://cdn.shopify.com/s/files/1/0912/9351/6071/files/img_79693ae8_20250918_i1758166482343_1520_0_0_jpg.jpg?v=1764936642,handbags,the-row,https://cdn.shopify.com/s/files/1/0912/9351/6071/files/img_79693ae8_20250918_i1758166482343_1520_0_0_jpg.jpg?v=1764936642|https://cdn.shopify.com/s/files/1/0912/9351/6071/files/img_79693ae8_20250918_i1758166483575_9077_0_6_jpg.jpg?v=1764936642|https://cdn.shopify.com/s/files/1/0912/9351/6071/files/img_79693ae8_20250918_i1758166482276_6658_0_3_jpg.jpg?v=1764936642|https://cdn.shopify.com/s/files/1/0912/9351/6071/files/img_79693ae8_20250918_i1758166482348_1079_0_2_jpg.jpg?v=1764936642|https://cdn.shopify.com/s/files/1/0912/9351/6071/files/img_79693ae8_20250918_i1758166482374_94_0_1_jpg.jpg?v=1764936642|https://cdn.shopify.com/s/files/1/0912/9351/6071/files/img_79693ae8_20250918_i1758166482384_9588_0_5_jpg.jpg?v=1764936642|https://cdn.shopify.com/s/files/1/0912/9351/6071/files/img_79693ae8_20250918_i1758166483608_7747_0_7_jpg.jpg?v=1764936644|https://cdn.shopify.com/s/files/1/0912/9351/6071/files/img_79693ae8_20250918_i1758166483669_9976_0_4_jpg.jpg?v=1764936642|https://cdn.shopify.com/s/files/1/0912/9351/6071/files/img_79693ae8_20250918_i1758166549150_4566_0_9_jpg.jpg?v=1764936642,Hi I want The Row 2025 Round 90's Bag Yellow Leather,New
The Row 2025 Round 90's Bag Green Leather,https://cdn.shopify.com/s/files/1/0912/9351/6071/files/img_79693ae8_20250918_i1758166634082_1899_0_0_jpg.jpg?v=1764936640,handbags,the-row,https://cdn.shopify.com/s/files/1/0912/9351/6071/files/img_79693ae8_20250918_i1758166634082_1899_0_0_jpg.jpg?v=1764936640|https://cdn.shopify.com/s/files/1/0912/9351/6071/files/img_79693ae8_20250918_i1758166633797_6549_0_8_jpg.jpg?v=1764936640|https://cdn.shopify.com/s/files/1/0912/9351/6071/files/img_79693ae8_20250918_i1758166634060_9586_0_2_jpg.jpg?v=1764936640|https://cdn.shopify.com/s/files/1/0912/9351/6071/files/img_79693ae8_20250918_i1758166634104_6307_0_5_jpg.jpg?v=1764936640|https://cdn.shopify.com/s/files/1/0912/9351/6071/files/img_79693ae8_20250918_i1758166634116_1570_0_6_jpg.jpg?v=1764936640|https://cdn.shopify.com/s/files/1/0912/9351/6071/files/img_79693ae8_20250918_i1758166635330_4798_0_4_jpg.jpg?v=1764936640|https://cdn.shopify.com/s/files/1/0912/9351/6071/files/img_79693ae8_20250918_i1758166635386_814_0_3_jpg.jpg?v=1764936640|https://cdn.shopify.com/s/files/1/0912/9351/6071/files/img_79693ae8_20250918_i1758166635388_1018_0_1_jpg.jpg?v=1764936640|https://cdn.shopify.com/s/files/1/0912/9351/6071/files/img_79693ae8_20250918_i1758166635389_7756_0_7_jpg.jpg?v=1764936640,Hi I want The Row 2025 Round 90's Bag Green Leather,New
The Row 2025 Peggy Clutch 28cm Chocolate Leather,https://cdn.shopify.com/s/files/1/0912/9351/6071/files/img_79693ae8_20250328_i1743128993697_8952_0_0_jpg_96331461-8b20-42e8-a9f1-9857670aa862.jpg?v=1780645990,handbags,the-row,https://cdn.shopify.com/s/files/1/0912/9351/6071/files/img_79693ae8_20250328_i1743128993697_8952_0_0_jpg_96331461-8b20-42e8-a9f1-9857670aa862.jpg?v=1780645990|https://cdn.shopify.com/s/files/1/0912/9351/6071/files/img_79693ae8_20250328_i1743128993609_4600_0_2_jpg.jpg?v=1780645990|https://cdn.shopify.com/s/files/1/0912/9351/6071/files/img_79693ae8_20250328_i1743128993616_9381_0_7_jpg.jpg?v=1780645990|https://cdn.shopify.com/s/files/1/0912/9351/6071/files/img_79693ae8_20250328_i1743128993642_1631_0_9_jpg_83b4858a-45f8-4f6e-81cc-6b79f50af525.jpg?v=1780645990|https://cdn.shopify.com/s/files/1/0912/9351/6071/files/img_79693ae8_20250328_i1743128993712_7958_0_6_jpg_2846e837-b706-4656-9e7d-e6a822adf00c.jpg?v=1780645990|https://cdn.shopify.com/s/files/1/0912/9351/6071/files/img_79693ae8_20250328_i1743128995489_4859_0_1_jpg_8c86eeaf-cd7d-4b2a-a398-7f423b546ba8.jpg?v=1780645990|https://cdn.shopify.com/s/files/1/0912/9351/6071/files/img_79693ae8_20250328_i1743128995502_4103_0_5_jpg_306af6b4-09da-484a-ada2-d4ef0d974a46.jpg?v=1780645990|https://cdn.shopify.com/s/files/1/0912/9351/6071/files/img_79693ae8_20250328_i1743128995520_8050_0_3_jpg_5ddd3fd2-9ff9-4c2f-8044-195d67041995.jpg?v=1780645990|https://cdn.shopify.com/s/files/1/0912/9351/6071/files/img_79693ae8_20250328_i1743128995540_1915_0_4_jpg.jpg?v=1780645990,Hi I want The Row 2025 Peggy Clutch 28cm Chocolate Leather,New
The Row 2025 Park Tote Stitch Bag Black 22cm Leather,https://cdn.shopify.com/s/files/1/0912/9351/6071/files/img_79693ae8_20251104_i1762227000640_8229_0_0_jpg.jpg?v=1764936633,handbags,the-row,https://cdn.shopify.com/s/files/1/0912/9351/6071/files/img_79693ae8_20251104_i1762227000640_8229_0_0_jpg.jpg?v=1764936633|https://cdn.shopify.com/s/files/1/0912/9351/6071/files/img_79693ae8_20251104_i1762227002704_7854_0_5_jpg.jpg?v=1764936633|https://cdn.shopify.com/s/files/1/0912/9351/6071/files/img_79693ae8_20251104_i1762227000591_9700_0_4_jpg.jpg?v=1764936633|https://cdn.shopify.com/s/files/1/0912/9351/6071/files/img_79693ae8_20251104_i1762227000608_3869_0_1_jpg.jpg?v=1764936633|https://cdn.shopify.com/s/files/1/0912/9351/6071/files/img_79693ae8_20251104_i1762227000635_8855_0_3_jpg.jpg?v=1764936633|https://cdn.shopify.com/s/files/1/0912/9351/6071/files/img_79693ae8_20251104_i1762227000636_2618_0_6_jpg.jpg?v=1764936633|https://cdn.shopify.com/s/files/1/0912/9351/6071/files/img_79693ae8_20251104_i1762227002651_890_0_7_jpg.jpg?v=1764936633|https://cdn.shopify.com/s/files/1/0912/9351/6071/files/img_79693ae8_20251104_i1762227002676_3495_0_8_jpg.jpg?v=1764936633|https://cdn.shopify.com/s/files/1/0912/9351/6071/files/img_79693ae8_20251104_i1762227002681_7090_0_2_jpg.jpg?v=1764936633,Hi I want The Row 2025 Park Tote Stitch Bag Black 22cm Leather,New
The Row 2025 Park Tote Stitch Bag Dark Brown 22cm Leather,https://cdn.shopify.com/s/files/1/0912/9351/6071/files/img_79693ae8_20251104_i1762227058523_9445_0_0_jpg.jpg?v=1764936630,handbags,the-row,https://cdn.shopify.com/s/files/1/0912/9351/6071/files/img_79693ae8_20251104_i1762227058523_9445_0_0_jpg.jpg?v=1764936630|https://cdn.shopify.com/s/files/1/0912/9351/6071/files/img_79693ae8_20251104_i1762227058548_9379_0_6_jpg.jpg?v=1764936630|https://cdn.shopify.com/s/files/1/0912/9351/6071/files/img_79693ae8_20251104_i1762227058581_5184_0_8_jpg.jpg?v=1764936630|https://cdn.shopify.com/s/files/1/0912/9351/6071/files/img_79693ae8_20251104_i1762227058586_5161_0_2_jpg.jpg?v=1764936630|https://cdn.shopify.com/s/files/1/0912/9351/6071/files/img_79693ae8_20251104_i1762227058616_5262_0_4_jpg.jpg?v=1764936630|https://cdn.shopify.com/s/files/1/0912/9351/6071/files/img_79693ae8_20251104_i1762227060659_5131_0_3_jpg.jpg?v=1764936630|https://cdn.shopify.com/s/files/1/0912/9351/6071/files/img_79693ae8_20251104_i1762227060692_3476_0_5_jpg.jpg?v=1764936630|https://cdn.shopify.com/s/files/1/0912/9351/6071/files/img_79693ae8_20251104_i1762227060703_8548_0_7_jpg.jpg?v=1764936630|https://cdn.shopify.com/s/files/1/0912/9351/6071/files/img_79693ae8_20251104_i1762227060730_7370_0_1_jpg.jpg?v=1764936631,Hi I want The Row 2025 Park Tote Stitch Bag Dark Brown 22cm Leather,New
The Row 2025 Park Tote Stitch Bag Dark Brown 30cm Leather,https://cdn.shopify.com/s/files/1/0912/9351/6071/files/img_79693ae8_20251023_i1761190848814_4371_0_0_jpg.jpg?v=1764936628,handbags,the-row,https://cdn.shopify.com/s/files/1/0912/9351/6071/files/img_79693ae8_20251023_i1761190848814_4371_0_0_jpg.jpg?v=1764936628|https://cdn.shopify.com/s/files/1/0912/9351/6071/files/img_79693ae8_20251023_i1761190847393_2235_0_3_jpg.jpg?v=1764936628|https://cdn.shopify.com/s/files/1/0912/9351/6071/files/img_79693ae8_20251023_i1761190847415_9678_0_7_jpg.jpg?v=1764936628|https://cdn.shopify.com/s/files/1/0912/9351/6071/files/img_79693ae8_20251023_i1761190847451_6931_0_2_jpg.jpg?v=1764936628|https://cdn.shopify.com/s/files/1/0912/9351/6071/files/img_79693ae8_20251023_i1761190847479_9824_0_4_jpg.jpg?v=1764936628|https://cdn.shopify.com/s/files/1/0912/9351/6071/files/img_79693ae8_20251023_i1761190847501_549_0_6_jpg.jpg?v=1764936628|https://cdn.shopify.com/s/files/1/0912/9351/6071/files/img_79693ae8_20251023_i1761190848754_9528_0_8_jpg.jpg?v=1764936628|https://cdn.shopify.com/s/files/1/0912/9351/6071/files/img_79693ae8_20251023_i1761190848771_3795_0_5_jpg.jpg?v=1764936628|https://cdn.shopify.com/s/files/1/0912/9351/6071/files/img_79693ae8_20251023_i1761190848829_3507_0_1_jpg.jpg?v=1764936628,Hi I want The Row 2025 Park Tote Stitch Bag Dark Brown 30cm Leather,New
The Row 2025 Park Tote Stitch Bag Black 30cm Leather,https://cdn.shopify.com/s/files/1/0912/9351/6071/files/img_79693ae8_20251023_i1761190803480_1272_0_0_jpg.jpg?v=1764936625,handbags,the-row,https://cdn.shopify.com/s/files/1/0912/9351/6071/files/img_79693ae8_20251023_i1761190803480_1272_0_0_jpg.jpg?v=1764936625|https://cdn.shopify.com/s/files/1/0912/9351/6071/files/img_79693ae8_20251023_i1761190801707_6828_0_6_jpg.jpg?v=1764936626|https://cdn.shopify.com/s/files/1/0912/9351/6071/files/img_79693ae8_20251023_i1761190801720_1970_0_5_jpg.jpg?v=1764936626|https://cdn.shopify.com/s/files/1/0912/9351/6071/files/img_79693ae8_20251023_i1761190801720_4023_0_1_jpg.jpg?v=1764936626|https://cdn.shopify.com/s/files/1/0912/9351/6071/files/img_79693ae8_20251023_i1761190801720_7922_0_3_jpg.jpg?v=1764936626|https://cdn.shopify.com/s/files/1/0912/9351/6071/files/img_79693ae8_20251023_i1761190801732_7232_0_4_jpg.jpg?v=1764936626|https://cdn.shopify.com/s/files/1/0912/9351/6071/files/img_79693ae8_20251023_i1761190803509_6595_0_2_jpg.jpg?v=1764936626|https://cdn.shopify.com/s/files/1/0912/9351/6071/files/img_79693ae8_20251023_i1761190803537_5791_0_7_jpg.jpg?v=1764936626|https://cdn.shopify.com/s/files/1/0912/9351/6071/files/img_79693ae8_20251023_i1761190803581_325_0_8_jpg.jpg?v=1764936626,Hi I want The Row 2025 Park Tote Stitch Bag Black 30cm Leather,New
The Row 2025 Marlo 17 Bag 43cm Green Leather,https://cdn.shopify.com/s/files/1/0912/9351/6071/files/img_79693ae8_20250430_i1745983403293_9384_0_0_jpg.jpg?v=1764936621,handbags,the-row,https://cdn.shopify.com/s/files/1/0912/9351/6071/files/img_79693ae8_20250430_i1745983403293_9384_0_0_jpg.jpg?v=1764936621|https://cdn.shopify.com/s/files/1/0912/9351/6071/files/img_79693ae8_20250430_i1745983401053_6973_0_8_jpg.jpg?v=1764936621|https://cdn.shopify.com/s/files/1/0912/9351/6071/files/img_79693ae8_20250430_i1745983400931_1260_0_7_jpg.jpg?v=1764936621|https://cdn.shopify.com/s/files/1/0912/9351/6071/files/img_79693ae8_20250430_i1745983400931_7416_0_3_jpg.jpg?v=1764936622|https://cdn.shopify.com/s/files/1/0912/9351/6071/files/img_79693ae8_20250430_i1745983400931_8482_0_1_jpg.jpg?v=1764936622|https://cdn.shopify.com/s/files/1/0912/9351/6071/files/img_79693ae8_20250430_i1745983401084_9709_0_4_jpg.jpg?v=1764936622|https://cdn.shopify.com/s/files/1/0912/9351/6071/files/img_79693ae8_20250430_i1745983402538_8793_0_2_jpg.jpg?v=1764936622|https://cdn.shopify.com/s/files/1/0912/9351/6071/files/img_79693ae8_20250430_i1745983403029_3899_0_6_jpg.jpg?v=1764936621|https://cdn.shopify.com/s/files/1/0912/9351/6071/files/img_79693ae8_20250430_i1745983403189_3321_0_5_jpg.jpg?v=1764936622,Hi I want The Row 2025 Marlo 17 Bag 43cm Green Leather,New
The Row 2025 Marlo 14 Bag 35cm Brown Leather,https://cdn.shopify.com/s/files/1/0912/9351/6071/files/img_79693ae8_20250814_i1755143351784_8173_0_0_jpg.jpg?v=1764936618,handbags,the-row,https://cdn.shopify.com/s/files/1/0912/9351/6071/files/img_79693ae8_20250814_i1755143351784_8173_0_0_jpg.jpg?v=1764936618|https://cdn.shopify.com/s/files/1/0912/9351/6071/files/img_79693ae8_20250814_i1755143349863_8816_0_5_jpg.jpg?v=1764936618|https://cdn.shopify.com/s/files/1/0912/9351/6071/files/img_79693ae8_20250814_i1755143349863_1759_0_6_jpg.jpg?v=1764936618|https://cdn.shopify.com/s/files/1/0912/9351/6071/files/img_79693ae8_20250814_i1755143349863_3520_0_1_jpg.jpg?v=1764936619|https://cdn.shopify.com/s/files/1/0912/9351/6071/files/img_79693ae8_20250814_i1755143349863_4963_0_8_jpg.jpg?v=1764936618|https://cdn.shopify.com/s/files/1/0912/9351/6071/files/img_79693ae8_20250814_i1755143349863_9001_0_7_jpg.jpg?v=1764936618|https://cdn.shopify.com/s/files/1/0912/9351/6071/files/img_79693ae8_20250814_i1755143351815_5994_0_2_jpg.jpg?v=1764936618|https://cdn.shopify.com/s/files/1/0912/9351/6071/files/img_79693ae8_20250814_i1755143351753_8195_0_4_jpg.jpg?v=1764936618|https://cdn.shopify.com/s/files/1/0912/9351/6071/files/img_79693ae8_20250814_i1755143351771_6489_0_3_jpg.jpg?v=1764936618,Hi I want The Row 2025 Marlo 14 Bag 35cm Brown Leather,New
The Row 2025 Marlo  Bag Chocolate Leather,https://cdn.shopify.com/s/files/1/0912/9351/6071/files/img_79693ae8_20250816_i1755319774538_5291_0_0_jpg.jpg?v=1764936614,handbags,the-row,https://cdn.shopify.com/s/files/1/0912/9351/6071/files/img_79693ae8_20250816_i1755319774538_5291_0_0_jpg.jpg?v=1764936614|https://cdn.shopify.com/s/files/1/0912/9351/6071/files/img_79693ae8_20250816_i1755319775882_5874_0_8_jpg.jpg?v=1764936614|https://cdn.shopify.com/s/files/1/0912/9351/6071/files/img_79693ae8_20250816_i1755319774966_2024_0_7_jpg.jpg?v=1764936614|https://cdn.shopify.com/s/files/1/0912/9351/6071/files/img_79693ae8_20250816_i1755319774928_463_0_5_jpg.jpg?v=1764936614|https://cdn.shopify.com/s/files/1/0912/9351/6071/files/img_79693ae8_20250816_i1755319774942_6807_0_6_jpg.jpg?v=1764936615|https://cdn.shopify.com/s/files/1/0912/9351/6071/files/img_79693ae8_20250816_i1755319774948_9021_0_4_jpg.jpg?v=1764936615|https://cdn.shopify.com/s/files/1/0912/9351/6071/files/img_79693ae8_20250816_i1755319775641_670_0_3_jpg.jpg?v=1764936615|https://cdn.shopify.com/s/files/1/0912/9351/6071/files/img_79693ae8_20250816_i1755319775648_8751_0_1_jpg.jpg?v=1764936615|https://cdn.shopify.com/s/files/1/0912/9351/6071/files/img_79693ae8_20250816_i1755319775680_558_0_2_jpg.jpg?v=1764936615,Hi I want The Row 2025 Marlo  Bag Chocolate Leather,New
The Row 2025 Marlo 12 Bag 30cm Reddish Brown Leather,https://cdn.shopify.com/s/files/1/0912/9351/6071/files/img_79693ae8_20250823_i1755920132399_7318_0_0_jpg.jpg?v=1764936608,handbags,the-row,https://cdn.shopify.com/s/files/1/0912/9351/6071/files/img_79693ae8_20250823_i1755920132399_7318_0_0_jpg.jpg?v=1764936608|https://cdn.shopify.com/s/files/1/0912/9351/6071/files/img_79693ae8_20250823_i1755920131281_8007_0_2_jpg.jpg?v=1764936608|https://cdn.shopify.com/s/files/1/0912/9351/6071/files/img_79693ae8_20250823_i1755920132456_16_0_7_jpg.jpg?v=1764936608|https://cdn.shopify.com/s/files/1/0912/9351/6071/files/img_79693ae8_20250823_i1755920133430_2239_0_8_jpg.jpg?v=1764936608|https://cdn.shopify.com/s/files/1/0912/9351/6071/files/img_79693ae8_20250823_i1755920131281_2649_0_6_jpg.jpg?v=1764936609|https://cdn.shopify.com/s/files/1/0912/9351/6071/files/img_79693ae8_20250823_i1755920131281_7387_0_5_jpg.jpg?v=1764936608|https://cdn.shopify.com/s/files/1/0912/9351/6071/files/img_79693ae8_20250823_i1755920131281_8645_0_3_jpg.jpg?v=1764936609|https://cdn.shopify.com/s/files/1/0912/9351/6071/files/img_79693ae8_20250823_i1755920133187_2994_0_1_jpg.jpg?v=1764936608|https://cdn.shopify.com/s/files/1/0912/9351/6071/files/img_79693ae8_20250823_i1755920133187_8480_0_4_jpg.jpg?v=1764936608,Hi I want The Row 2025 Marlo 12 Bag 30cm Reddish Brown Leather,New
The Row 2025 Alger Bag 39cm Black Cowhide,https://cdn.shopify.com/s/files/1/0912/9351/6071/files/img_79693ae8_20251005_i1759624396995_7451_0_0_jpg.jpg?v=1764936607,handbags,the-row,https://cdn.shopify.com/s/files/1/0912/9351/6071/files/img_79693ae8_20251005_i1759624396995_7451_0_0_jpg.jpg?v=1764936607|https://cdn.shopify.com/s/files/1/0912/9351/6071/files/img_79693ae8_20251005_i1759624396995_30_0_5_jpg.jpg?v=1764936606|https://cdn.shopify.com/s/files/1/0912/9351/6071/files/img_79693ae8_20251005_i1759624396995_818_0_7_jpg.jpg?v=1764936606|https://cdn.shopify.com/s/files/1/0912/9351/6071/files/img_79693ae8_20251005_i1759624396995_8360_0_1_jpg.jpg?v=1764936606|https://cdn.shopify.com/s/files/1/0912/9351/6071/files/img_79693ae8_20251005_i1759624396995_8907_0_6_jpg.jpg?v=1764936606|https://cdn.shopify.com/s/files/1/0912/9351/6071/files/img_79693ae8_20251005_i1759624399346_2685_0_2_jpg.jpg?v=1764936606|https://cdn.shopify.com/s/files/1/0912/9351/6071/files/img_79693ae8_20251005_i1759624399386_1485_0_4_jpg.jpg?v=1764936606|https://cdn.shopify.com/s/files/1/0912/9351/6071/files/img_79693ae8_20251005_i1759624399401_5525_0_3_jpg.jpg?v=1764936606|https://cdn.shopify.com/s/files/1/0912/9351/6071/files/img_79693ae8_20251005_i1759624399504_754_0_8_jpg.jpg?v=1764936606,Hi I want The Row 2025 Alger Bag 39cm Black Cowhide,New
The Row 2025 Alger Bag 39cm Caramel Cowhide,https://cdn.shopify.com/s/files/1/0912/9351/6071/files/img_79693ae8_20251005_i1759624428393_9217_0_0_jpg.jpg?v=1764936604,handbags,the-row,https://cdn.shopify.com/s/files/1/0912/9351/6071/files/img_79693ae8_20251005_i1759624428393_9217_0_0_jpg.jpg?v=1764936604|https://cdn.shopify.com/s/files/1/0912/9351/6071/files/img_79693ae8_20251005_i1759624426725_225_0_2_jpg.jpg?v=1764936604|https://cdn.shopify.com/s/files/1/0912/9351/6071/files/img_79693ae8_20251005_i1759624426795_1734_0_1_jpg.jpg?v=1764936604|https://cdn.shopify.com/s/files/1/0912/9351/6071/files/img_79693ae8_20251005_i1759624426800_2295_0_7_jpg.jpg?v=1764936604|https://cdn.shopify.com/s/files/1/0912/9351/6071/files/img_79693ae8_20251005_i1759624426807_1275_0_5_jpg.jpg?v=1764936604|https://cdn.shopify.com/s/files/1/0912/9351/6071/files/img_79693ae8_20251005_i1759624426827_9345_0_3_jpg.jpg?v=1764936604|https://cdn.shopify.com/s/files/1/0912/9351/6071/files/img_79693ae8_20251005_i1759624428362_5804_0_4_jpg.jpg?v=1764936604|https://cdn.shopify.com/s/files/1/0912/9351/6071/files/img_79693ae8_20251005_i1759624428398_4885_0_8_jpg.jpg?v=1764936604|https://cdn.shopify.com/s/files/1/0912/9351/6071/files/img_79693ae8_20251005_i1759624428432_3131_0_6_jpg.jpg?v=1764936605,Hi I want The Row 2025 Alger Bag 39cm Caramel Cowhide,New
The Row 2025 Isa Bag 23cm Soft Leather,https://cdn.shopify.com/s/files/1/0912/9351/6071/files/i1760247866631_163_0_0.jpg?v=1764936599,handbags,the-row,https://cdn.shopify.com/s/files/1/0912/9351/6071/files/i1760247866631_163_0_0.jpg?v=1764936599|https://cdn.shopify.com/s/files/1/0912/9351/6071/files/i1760247744859_3543_0_6.jpg?v=1764936599|https://cdn.shopify.com/s/files/1/0912/9351/6071/files/i1760247743354_7151_0_5.jpg?v=1764936599|https://cdn.shopify.com/s/files/1/0912/9351/6071/files/i1760247744722_132_0_2.jpg?v=1764936599|https://cdn.shopify.com/s/files/1/0912/9351/6071/files/i1760247744788_8636_0_1.jpg?v=1764936599|https://cdn.shopify.com/s/files/1/0912/9351/6071/files/i1760247779157_6569_0_3.jpg?v=1764936599|https://cdn.shopify.com/s/files/1/0912/9351/6071/files/i1760247780783_9618_0_4.jpg?v=1764936599|https://cdn.shopify.com/s/files/1/0912/9351/6071/files/i1760247780677_7061_0_2.jpg?v=1764936599|https://cdn.shopify.com/s/files/1/0912/9351/6071/files/i1760247779189_7669_0_1.jpg?v=1764936599,Hi I want The Row 2025 Isa Bag 23cm Soft Leather,New
The Row 2025 Jouve Bag 46cm Black Calfskin,https://cdn.shopify.com/s/files/1/0912/9351/6071/files/img_79693ae8_20250927_i1758941918601_3927_0_0_jpg.jpg?v=1764936597,handbags,the-row,https://cdn.shopify.com/s/files/1/0912/9351/6071/files/img_79693ae8_20250927_i1758941918601_3927_0_0_jpg.jpg?v=1764936597|https://cdn.shopify.com/s/files/1/0912/9351/6071/files/img_79693ae8_20250927_i1758941916291_3188_0_7_jpg.jpg?v=1764936597|https://cdn.shopify.com/s/files/1/0912/9351/6071/files/img_79693ae8_20250927_i1758941916329_8740_0_4_jpg.jpg?v=1764936597|https://cdn.shopify.com/s/files/1/0912/9351/6071/files/img_79693ae8_20250927_i1758941916353_1957_0_3_jpg.jpg?v=1764936597|https://cdn.shopify.com/s/files/1/0912/9351/6071/files/img_79693ae8_20250927_i1758941916408_9668_0_5_jpg.jpg?v=1764936597|https://cdn.shopify.com/s/files/1/0912/9351/6071/files/img_79693ae8_20250927_i1758941916445_359_0_2_jpg.jpg?v=1764936597|https://cdn.shopify.com/s/files/1/0912/9351/6071/files/img_79693ae8_20250927_i1758941917790_8049_0_1_jpg.jpg?v=1764936597|https://cdn.shopify.com/s/files/1/0912/9351/6071/files/img_79693ae8_20250927_i1758941918486_9196_0_8_jpg.jpg?v=1764936597|https://cdn.shopify.com/s/files/1/0912/9351/6071/files/img_79693ae8_20250927_i1758941918627_6748_0_6_jpg.jpg?v=1764936597,Hi I want The Row 2025 Jouve Bag 46cm Black Calfskin,New
The Row 2025 Jouve Bag 34cm Brownish-red Calfskin,https://cdn.shopify.com/s/files/1/0912/9351/6071/files/img_79693ae8_20251009_i1759976975853_4775_0_0_jpg.jpg?v=1764936595,handbags,the-row,https://cdn.shopify.com/s/files/1/0912/9351/6071/files/img_79693ae8_20251009_i1759976975853_4775_0_0_jpg.jpg?v=1764936595|https://cdn.shopify.com/s/files/1/0912/9351/6071/files/img_79693ae8_20251009_i1759976975765_5729_0_1_jpg.jpg?v=1764936595|https://cdn.shopify.com/s/files/1/0912/9351/6071/files/img_79693ae8_20251009_i1759976975850_9501_0_6_jpg.jpg?v=1764936595|https://cdn.shopify.com/s/files/1/0912/9351/6071/files/img_79693ae8_20251009_i1759976975894_6945_0_5_jpg.jpg?v=1764936595|https://cdn.shopify.com/s/files/1/0912/9351/6071/files/img_79693ae8_20251009_i1759976975905_2497_0_3_jpg.jpg?v=1764936595|https://cdn.shopify.com/s/files/1/0912/9351/6071/files/img_79693ae8_20251009_i1759976977154_6808_0_2_jpg.jpg?v=1764936595|https://cdn.shopify.com/s/files/1/0912/9351/6071/files/img_79693ae8_20251009_i1759976977162_9443_0_7_jpg.jpg?v=1764936595|https://cdn.shopify.com/s/files/1/0912/9351/6071/files/img_79693ae8_20251009_i1759976977236_3017_0_4_jpg.jpg?v=1764936595|https://cdn.shopify.com/s/files/1/0912/9351/6071/files/img_79693ae8_20251009_i1759976977304_3422_0_8_jpg.jpg?v=1764936595,Hi I want The Row 2025 Jouve Bag 34cm Brownish-red Calfskin,New
The Row 2025 Jouve Bag 34cm Black Calfskin,https://cdn.shopify.com/s/files/1/0912/9351/6071/files/img_79693ae8_20251013_i1760322963673_5471_0_0_jpg.jpg?v=1764936593,handbags,the-row,https://cdn.shopify.com/s/files/1/0912/9351/6071/files/img_79693ae8_20251013_i1760322963673_5471_0_0_jpg.jpg?v=1764936593|https://cdn.shopify.com/s/files/1/0912/9351/6071/files/img_79693ae8_20251013_i1760322963586_6186_0_2_jpg.jpg?v=1764936593|https://cdn.shopify.com/s/files/1/0912/9351/6071/files/img_79693ae8_20251013_i1760322960864_5628_0_8_jpg.jpg?v=1764936593|https://cdn.shopify.com/s/files/1/0912/9351/6071/files/img_79693ae8_20251013_i1760322960911_7859_0_3_jpg.jpg?v=1764936593|https://cdn.shopify.com/s/files/1/0912/9351/6071/files/img_79693ae8_20251013_i1760322960949_4159_0_5_jpg.jpg?v=1764936593|https://cdn.shopify.com/s/files/1/0912/9351/6071/files/img_79693ae8_20251013_i1760322960949_4572_0_4_jpg.jpg?v=1764936593|https://cdn.shopify.com/s/files/1/0912/9351/6071/files/img_79693ae8_20251013_i1760322962686_8795_0_6_jpg.jpg?v=1764936593|https://cdn.shopify.com/s/files/1/0912/9351/6071/files/img_79693ae8_20251013_i1760322963494_5582_0_1_jpg.jpg?v=1764936593|https://cdn.shopify.com/s/files/1/0912/9351/6071/files/img_79693ae8_20251013_i1760322963549_5366_0_7_jpg.jpg?v=1764936593,Hi I want The Row 2025 Jouve Bag 34cm Black Calfskin,New
The Row 2025 N/S Park Tote Bag 30cm Gray Calfskin,https://cdn.shopify.com/s/files/1/0912/9351/6071/files/img_79693ae8_20250421_i1745193524168_1540_0_0_jpg.jpg?v=1764936591,handbags,the-row,https://cdn.shopify.com/s/files/1/0912/9351/6071/files/img_79693ae8_20250421_i1745193524168_1540_0_0_jpg.jpg?v=1764936591|https://cdn.shopify.com/s/files/1/0912/9351/6071/files/img_79693ae8_20250421_i1745193524195_3832_0_4_jpg.jpg?v=1764936590|https://cdn.shopify.com/s/files/1/0912/9351/6071/files/img_79693ae8_20250421_i1745193524242_5189_0_7_jpg.jpg?v=1764936591|https://cdn.shopify.com/s/files/1/0912/9351/6071/files/img_79693ae8_20250421_i1745193524266_8323_0_8_jpg.jpg?v=1764936590|https://cdn.shopify.com/s/files/1/0912/9351/6071/files/img_79693ae8_20250421_i1745193524299_5200_0_2_jpg.jpg?v=1764936591|https://cdn.shopify.com/s/files/1/0912/9351/6071/files/img_79693ae8_20250421_i1745193525451_2990_0_5_jpg.jpg?v=1764936591|https://cdn.shopify.com/s/files/1/0912/9351/6071/files/img_79693ae8_20250421_i1745193525471_5790_0_1_jpg.jpg?v=1764936591|https://cdn.shopify.com/s/files/1/0912/9351/6071/files/img_79693ae8_20250421_i1745193525475_1428_0_3_jpg.jpg?v=1764936591|https://cdn.shopify.com/s/files/1/0912/9351/6071/files/img_79693ae8_20250421_i1745193525494_6747_0_6_jpg.jpg?v=1764936591,Hi I want The Row 2025 N/S Park Tote Bag 30cm Gray Calfskin,New
The Row 2025 N/S Park Tote Bag 34cm White Calfskin,https://cdn.shopify.com/s/files/1/0912/9351/6071/files/img_79693ae8_20251116_i1763261864371_4498_0_0_jpg.jpg?v=1764936588,handbags,the-row,https://cdn.shopify.com/s/files/1/0912/9351/6071/files/img_79693ae8_20251116_i1763261864371_4498_0_0_jpg.jpg?v=1764936588|https://cdn.shopify.com/s/files/1/0912/9351/6071/files/img_79693ae8_20251116_i1763261864254_8612_0_2_jpg.jpg?v=1764936588|https://cdn.shopify.com/s/files/1/0912/9351/6071/files/img_79693ae8_20251116_i1763261864255_7396_0_6_jpg.jpg?v=1764936588|https://cdn.shopify.com/s/files/1/0912/9351/6071/files/img_79693ae8_20251116_i1763261864391_5336_0_4_jpg.jpg?v=1764936588|https://cdn.shopify.com/s/files/1/0912/9351/6071/files/img_79693ae8_20251116_i1763261864400_9542_0_7_jpg.jpg?v=1764936588|https://cdn.shopify.com/s/files/1/0912/9351/6071/files/img_79693ae8_20251116_i1763261865413_4597_0_3_jpg.jpg?v=1764936588|https://cdn.shopify.com/s/files/1/0912/9351/6071/files/img_79693ae8_20251116_i1763261865453_4399_0_5_jpg.jpg?v=1764936588|https://cdn.shopify.com/s/files/1/0912/9351/6071/files/img_79693ae8_20251116_i1763261865478_7710_0_1_jpg.jpg?v=1764936588|https://cdn.shopify.com/s/files/1/0912/9351/6071/files/img_79693ae8_20251116_i1763261865501_8001_0_8_jpg.jpg?v=1764936588,Hi I want The Row 2025 N/S Park Tote Bag 34cm White Calfskin,New
The Row 2025 N/S Park Tote Bag 34cm Black Calfskin,https://cdn.shopify.com/s/files/1/0912/9351/6071/files/img_79693ae8_20251116_i1763261927052_5895_0_0_jpg.jpg?v=1764936586,handbags,the-row,https://cdn.shopify.com/s/files/1/0912/9351/6071/files/img_79693ae8_20251116_i1763261927052_5895_0_0_jpg.jpg?v=1764936586|https://cdn.shopify.com/s/files/1/0912/9351/6071/files/img_79693ae8_20251116_i1763261926998_767_0_6_jpg.jpg?v=1764936586|https://cdn.shopify.com/s/files/1/0912/9351/6071/files/img_79693ae8_20251116_i1763261927013_6668_0_1_jpg.jpg?v=1764936586|https://cdn.shopify.com/s/files/1/0912/9351/6071/files/img_79693ae8_20251116_i1763261927049_1531_0_8_jpg.jpg?v=1764936586|https://cdn.shopify.com/s/files/1/0912/9351/6071/files/img_79693ae8_20251116_i1763261927078_113_0_7_jpg.jpg?v=1764936586|https://cdn.shopify.com/s/files/1/0912/9351/6071/files/img_79693ae8_20251116_i1763261928561_6238_0_4_jpg.jpg?v=1764936586|https://cdn.shopify.com/s/files/1/0912/9351/6071/files/img_79693ae8_20251116_i1763261928588_3005_0_3_jpg.jpg?v=1764936586|https://cdn.shopify.com/s/files/1/0912/9351/6071/files/img_79693ae8_20251116_i1763261928621_7417_0_5_jpg.jpg?v=1764936586|https://cdn.shopify.com/s/files/1/0912/9351/6071/files/img_79693ae8_20251116_i1763261928660_9427_0_2_jpg.jpg?v=1764936586,Hi I want The Row 2025 N/S Park Tote Bag 34cm Black Calfskin,New
The Row 2025 N/S Park Tote Bag 34cm Brown Calfskin,https://cdn.shopify.com/s/files/1/0912/9351/6071/files/img_79693ae8_20251116_i1763262511972_9588_0_0_jpg.jpg?v=1764936581,handbags,the-row,https://cdn.shopify.com/s/files/1/0912/9351/6071/files/img_79693ae8_20251116_i1763262511972_9588_0_0_jpg.jpg?v=1764936581|https://cdn.shopify.com/s/files/1/0912/9351/6071/files/img_79693ae8_20251116_i1763262512000_3043_0_2_jpg.jpg?v=1764936582|https://cdn.shopify.com/s/files/1/0912/9351/6071/files/img_79693ae8_20251116_i1763262511802_7902_0_6_jpg.jpg?v=1764936581|https://cdn.shopify.com/s/files/1/0912/9351/6071/files/img_79693ae8_20251116_i1763262511869_6484_0_4_jpg.jpg?v=1764936582|https://cdn.shopify.com/s/files/1/0912/9351/6071/files/img_79693ae8_20251116_i1763262511978_9624_0_5_jpg.jpg?v=1764936582|https://cdn.shopify.com/s/files/1/0912/9351/6071/files/img_79693ae8_20251116_i1763262513708_2890_0_1_jpg.jpg?v=1764936582|https://cdn.shopify.com/s/files/1/0912/9351/6071/files/img_79693ae8_20251116_i1763262513716_940_0_3_jpg.jpg?v=1764936582|https://cdn.shopify.com/s/files/1/0912/9351/6071/files/img_79693ae8_20251116_i1763262513732_2279_0_7_jpg.jpg?v=1764936582|https://cdn.shopify.com/s/files/1/0912/9351/6071/files/img_79693ae8_20251116_i1763262513775_8320_0_8_jpg.jpg?v=1764936581,Hi I want The Row 2025 N/S Park Tote Bag 34cm Brown Calfskin,New
The Row 2025 N/S Park Tote Bag 30cm White Leather Canvas,https://cdn.shopify.com/s/files/1/0912/9351/6071/files/img_79693ae8_20251110_i1762746649307_4477_0_2_jpg.jpg?v=1764936579,handbags,the-row,https://cdn.shopify.com/s/files/1/0912/9351/6071/files/img_79693ae8_20251110_i1762746649307_4477_0_2_jpg.jpg?v=1764936579|https://cdn.shopify.com/s/files/1/0912/9351/6071/files/img_79693ae8_20251110_i1762746649251_9382_0_1_jpg.jpg?v=1764936579|https://cdn.shopify.com/s/files/1/0912/9351/6071/files/img_79693ae8_20251110_i1762746649306_5604_0_3_jpg.jpg?v=1764936579|https://cdn.shopify.com/s/files/1/0912/9351/6071/files/img_79693ae8_20251110_i1762746649311_5252_0_0_jpg.jpg?v=1764936579|https://cdn.shopify.com/s/files/1/0912/9351/6071/files/img_79693ae8_20251110_i1762746649399_561_0_6_jpg.jpg?v=1764936579|https://cdn.shopify.com/s/files/1/0912/9351/6071/files/img_79693ae8_20251110_i1762746650336_6204_0_4_jpg.jpg?v=1764936579|https://cdn.shopify.com/s/files/1/0912/9351/6071/files/img_79693ae8_20251110_i1762746650370_1233_0_7_jpg.jpg?v=1764936579|https://cdn.shopify.com/s/files/1/0912/9351/6071/files/img_79693ae8_20251110_i1762746650394_6437_0_8_jpg.jpg?v=1764936579|https://cdn.shopify.com/s/files/1/0912/9351/6071/files/img_79693ae8_20251110_i1762746650461_9124_0_5_jpg.jpg?v=1764936579,Hi I want The Row 2025 N/S Park Tote Bag 30cm White Leather Canvas,New
The Row 2025 N/S Park Tote Bag 30cm Black Leather Canvas,https://cdn.shopify.com/s/files/1/0912/9351/6071/files/img_79693ae8_20251115_i1763176997082_1252_0_2_jpg.jpg?v=1764936577,handbags,the-row,https://cdn.shopify.com/s/files/1/0912/9351/6071/files/img_79693ae8_20251115_i1763176997082_1252_0_2_jpg.jpg?v=1764936577|https://cdn.shopify.com/s/files/1/0912/9351/6071/files/img_79693ae8_20251115_i1763176996901_4333_0_8_jpg.jpg?v=1764936577|https://cdn.shopify.com/s/files/1/0912/9351/6071/files/img_79693ae8_20251115_i1763176996918_2892_0_3_jpg.jpg?v=1764936577|https://cdn.shopify.com/s/files/1/0912/9351/6071/files/img_79693ae8_20251115_i1763176996977_3066_0_4_jpg.jpg?v=1764936577|https://cdn.shopify.com/s/files/1/0912/9351/6071/files/img_79693ae8_20251115_i1763176997033_9348_0_7_jpg.jpg?v=1764936577|https://cdn.shopify.com/s/files/1/0912/9351/6071/files/img_79693ae8_20251115_i1763176998170_378_0_1_jpg.jpg?v=1764936577|https://cdn.shopify.com/s/files/1/0912/9351/6071/files/img_79693ae8_20251115_i1763176998213_158_0_6_jpg.jpg?v=1764936577|https://cdn.shopify.com/s/files/1/0912/9351/6071/files/img_79693ae8_20251115_i1763176998219_3821_0_0_jpg.jpg?v=1764936577|https://cdn.shopify.com/s/files/1/0912/9351/6071/files/img_79693ae8_20251115_i1763176998263_4050_0_5_jpg.jpg?v=1764936577,Hi I want The Row 2025 N/S Park Tote Bag 30cm Black Leather Canvas,New
The Row 2025 Large N/S Park Tote Bag 43cm White Leather Canvas,https://cdn.shopify.com/s/files/1/0912/9351/6071/files/img_79693ae8_20251128_i1764299633011_6476_0_2_jpg.jpg?v=1764936575,handbags,the-row,https://cdn.shopify.com/s/files/1/0912/9351/6071/files/img_79693ae8_20251128_i1764299633011_6476_0_2_jpg.jpg?v=1764936575|https://cdn.shopify.com/s/files/1/0912/9351/6071/files/img_79693ae8_20251128_i1764299633006_3245_0_3_jpg.jpg?v=1764936575|https://cdn.shopify.com/s/files/1/0912/9351/6071/files/img_79693ae8_20251128_i1764299633011_1652_0_6_jpg.jpg?v=1764936575|https://cdn.shopify.com/s/files/1/0912/9351/6071/files/img_79693ae8_20251128_i1764299633011_2741_0_0_jpg.jpg?v=1764936575|https://cdn.shopify.com/s/files/1/0912/9351/6071/files/img_79693ae8_20251128_i1764299633011_8367_0_1_jpg.jpg?v=1764936575|https://cdn.shopify.com/s/files/1/0912/9351/6071/files/img_79693ae8_20251128_i1764299634701_2000_0_4_jpg.jpg?v=1764936575|https://cdn.shopify.com/s/files/1/0912/9351/6071/files/img_79693ae8_20251128_i1764299634789_5174_0_7_jpg.jpg?v=1764936575|https://cdn.shopify.com/s/files/1/0912/9351/6071/files/img_79693ae8_20251128_i1764299634797_3412_0_8_jpg.jpg?v=1764936575|https://cdn.shopify.com/s/files/1/0912/9351/6071/files/img_79693ae8_20251128_i1764299634854_4583_0_5_jpg.jpg?v=1764936575,Hi I want The Row 2025 Large N/S Park Tote Bag 43cm White Leather Canvas,New
The Row 2025 Astra Bag 32cm Lambskin,https://cdn.shopify.com/s/files/1/0912/9351/6071/files/img_79693ae8_20251202_i1764645427552_9725_0_0_jpg.jpg?v=1764936573,handbags,the-row,https://cdn.shopify.com/s/files/1/0912/9351/6071/files/img_79693ae8_20251202_i1764645427552_9725_0_0_jpg.jpg?v=1764936573|https://cdn.shopify.com/s/files/1/0912/9351/6071/files/i1764645292345_1103_0_0.jpg?v=1764936573|https://cdn.shopify.com/s/files/1/0912/9351/6071/files/i1764645262860_5172_0_0.jpg?v=1764936573|https://cdn.shopify.com/s/files/1/0912/9351/6071/files/i1764645321032_859_0_0.jpg?v=1764936573|https://cdn.shopify.com/s/files/1/0912/9351/6071/files/i1764645292118_7700_0_6.jpg?v=1764936573|https://cdn.shopify.com/s/files/1/0912/9351/6071/files/i1764645291786_5009_0_7.jpg?v=1764936573|https://cdn.shopify.com/s/files/1/0912/9351/6071/files/i1764645321036_4719_0_3.jpg?v=1764936573|https://cdn.shopify.com/s/files/1/0912/9351/6071/files/i1764645321565_648_0_5.jpg?v=1764936573|https://cdn.shopify.com/s/files/1/0912/9351/6071/files/i1764645262798_4229_0_4.jpg?v=1764936573|https://cdn.shopify.com/s/files/1/0912/9351/6071/files/i1764645263692_3886_0_1.jpg?v=1764936573,Hi I want The Row 2025 Astra Bag 32cm Lambskin,New
The Row 2025 Large N/S Park Tote Bag 43cm Black Leather Canvas,https://cdn.shopify.com/s/files/1/0912/9351/6071/files/img_79693ae8_20251202_i1764663234732_6596_0_2_jpg.jpg?v=1764936570,handbags,the-row,https://cdn.shopify.com/s/files/1/0912/9351/6071/files/img_79693ae8_20251202_i1764663234732_6596_0_2_jpg.jpg?v=1764936570|https://cdn.shopify.com/s/files/1/0912/9351/6071/files/img_79693ae8_20251202_i1764663233053_1252_0_6_jpg.jpg?v=1764936570|https://cdn.shopify.com/s/files/1/0912/9351/6071/files/img_79693ae8_20251202_i1764663233053_4704_0_1_jpg.jpg?v=1764936571|https://cdn.shopify.com/s/files/1/0912/9351/6071/files/img_79693ae8_20251202_i1764663233053_4747_0_7_jpg.jpg?v=1764936570|https://cdn.shopify.com/s/files/1/0912/9351/6071/files/img_79693ae8_20251202_i1764663234033_1440_0_5_jpg.jpg?v=1764936570|https://cdn.shopify.com/s/files/1/0912/9351/6071/files/img_79693ae8_20251202_i1764663234153_9874_0_0_jpg.jpg?v=1764936573|https://cdn.shopify.com/s/files/1/0912/9351/6071/files/img_79693ae8_20251202_i1764663234597_7378_0_8_jpg.jpg?v=1764936570|https://cdn.shopify.com/s/files/1/0912/9351/6071/files/img_79693ae8_20251202_i1764663234669_8083_0_4_jpg.jpg?v=1764936570|https://cdn.shopify.com/s/files/1/0912/9351/6071/files/img_79693ae8_20251202_i1764663234729_4770_0_3_jpg.jpg?v=1764936570,Hi I want The Row 2025 Large N/S Park Tote Bag 43cm Black Leather Canvas,New
The Row N/S Park Tote 30cm Chocolate Leather,https://cdn.shopify.com/s/files/1/0912/9351/6071/files/img_69643dc5_20250216_i1739707867888_4987_0_0_jpg.jpg?v=1759118427,handbags,the-row,https://cdn.shopify.com/s/files/1/0912/9351/6071/files/img_69643dc5_20250216_i1739707867888_4987_0_0_jpg.jpg?v=1759118427|https://cdn.shopify.com/s/files/1/0912/9351/6071/files/img_69643dc5_20250216_i1739707867410_886_0_6_jpg.jpg?v=1759118427|https://cdn.shopify.com/s/files/1/0912/9351/6071/files/img_69643dc5_20250216_i1739707867425_6249_0_7_jpg.jpg?v=1759118427|https://cdn.shopify.com/s/files/1/0912/9351/6071/files/img_69643dc5_20250216_i1739707867426_2857_0_3_jpg.jpg?v=1759118427|https://cdn.shopify.com/s/files/1/0912/9351/6071/files/img_69643dc5_20250216_i1739707867431_8033_0_2_jpg.jpg?v=1759118427|https://cdn.shopify.com/s/files/1/0912/9351/6071/files/img_69643dc5_20250216_i1739707867462_6338_0_8_jpg.jpg?v=1759118427|https://cdn.shopify.com/s/files/1/0912/9351/6071/files/img_69643dc5_20250216_i1739707867890_2257_0_1_jpg.jpg?v=1759118427|https://cdn.shopify.com/s/files/1/0912/9351/6071/files/img_69643dc5_20250216_i1739707867916_2007_0_4_jpg.jpg?v=1759118427|https://cdn.shopify.com/s/files/1/0912/9351/6071/files/img_69643dc5_20250216_i1739707867937_8649_0_5_jpg.jpg?v=1759118427,Hi I want The Row N/S Park Tote 30cm Chocolate Leather,
The Row N/S Park Tote 30cm Black Leather,https://cdn.shopify.com/s/files/1/0912/9351/6071/files/img_69643dc5_20250216_i1739707848609_3480_0_0_jpg.jpg?v=1759118439,handbags,the-row,https://cdn.shopify.com/s/files/1/0912/9351/6071/files/img_69643dc5_20250216_i1739707848609_3480_0_0_jpg.jpg?v=1759118439|https://cdn.shopify.com/s/files/1/0912/9351/6071/files/img_69643dc5_20250216_i1739707847628_1865_0_4_jpg.jpg?v=1759118439|https://cdn.shopify.com/s/files/1/0912/9351/6071/files/img_69643dc5_20250216_i1739707847628_2018_0_3_jpg.jpg?v=1759118439|https://cdn.shopify.com/s/files/1/0912/9351/6071/files/img_69643dc5_20250216_i1739707847644_5466_0_6_jpg.jpg?v=1759118439|https://cdn.shopify.com/s/files/1/0912/9351/6071/files/img_69643dc5_20250216_i1739707847649_7683_0_2_jpg.jpg?v=1759118439|https://cdn.shopify.com/s/files/1/0912/9351/6071/files/img_69643dc5_20250216_i1739707848562_8796_0_5_jpg.jpg?v=1759118439|https://cdn.shopify.com/s/files/1/0912/9351/6071/files/img_69643dc5_20250216_i1739707848583_6778_0_8_jpg.jpg?v=1759118439|https://cdn.shopify.com/s/files/1/0912/9351/6071/files/img_69643dc5_20250216_i1739707847659_3769_0_7_jpg.jpg?v=1759118439|https://cdn.shopify.com/s/files/1/0912/9351/6071/files/img_69643dc5_20250216_i1739707848591_9931_0_1_jpg.jpg?v=1759118439,Hi I want The Row N/S Park Tote 30cm Black Leather,
The Row Devon Mini 24cm Calfskin,https://cdn.shopify.com/s/files/1/0912/9351/6071/files/i1735014051_1120_0.jpg?v=1759118466,handbags,the-row,https://cdn.shopify.com/s/files/1/0912/9351/6071/files/i1735014051_1120_0.jpg?v=1759118466|https://cdn.shopify.com/s/files/1/0912/9351/6071/files/img_40bcdf54_20241224_i1735013906_6343_1_jpg.jpg?v=1759118466|https://cdn.shopify.com/s/files/1/0912/9351/6071/files/img_40bcdf54_20241224_i1735013906_7654_3_jpg.jpg?v=1759118466|https://cdn.shopify.com/s/files/1/0912/9351/6071/files/img_40bcdf54_20241224_i1735013906_8076_6_jpg.jpg?v=1759118466|https://cdn.shopify.com/s/files/1/0912/9351/6071/files/img_40bcdf54_20241224_i1735013906_9855_0_jpg.jpg?v=1759118466|https://cdn.shopify.com/s/files/1/0912/9351/6071/files/img_40bcdf54_20241224_i1735013906_8076_6_jpg_5d0538f3-e5b9-4daa-a0fd-a708cc89cc58.jpg?v=1759118466|https://cdn.shopify.com/s/files/1/0912/9351/6071/files/img_40bcdf54_20241224_i1735013906_2846_4_jpg_6422f54e-a84f-4b54-81f1-d09dfd82b9f3.jpg?v=1759118466|https://cdn.shopify.com/s/files/1/0912/9351/6071/files/img_40bcdf54_20241224_i1735013906_6343_1_jpg_5e908cd4-10fb-4276-82f2-3149c9967936.jpg?v=1759118466|https://cdn.shopify.com/s/files/1/0912/9351/6071/files/img_40bcdf54_20241224_i1735013906_9681_8_jpg_233962a3-aba0-460e-8b63-a24ef9a15100.jpg?v=1759118466|https://cdn.shopify.com/s/files/1/0912/9351/6071/files/img_40bcdf54_20241224_i1735013984_1695_10_jpg.jpg?v=1759118466|https://cdn.shopify.com/s/files/1/0912/9351/6071/files/img_40bcdf54_20241224_i1735013984_4046_7_jpg.jpg?v=1759118466|https://cdn.shopify.com/s/files/1/0912/9351/6071/files/img_40bcdf54_20241224_i1735013984_5415_9_jpg.jpg?v=1759118467|https://cdn.shopify.com/s/files/1/0912/9351/6071/files/img_40bcdf54_20241224_i1735013984_878_8_jpg.jpg?v=1759118467,Hi I want The Row Devon Mini 24cm Calfskin,
The Row Sofia 19cm Dark Grey Suede,https://cdn.shopify.com/s/files/1/0912/9351/6071/files/img_bac5cd7d_20250216_a1739716051925_4740_jpg_7944e0bc-1190-425f-86dc-6684dbe620f9.jpg?v=1775471338,handbags,the-row,https://cdn.shopify.com/s/files/1/0912/9351/6071/files/img_bac5cd7d_20250216_a1739716051925_4740_jpg_7944e0bc-1190-425f-86dc-6684dbe620f9.jpg?v=1775471338|https://cdn.shopify.com/s/files/1/0912/9351/6071/files/img_bac5cd7d_20250216_a1739716051919_7458_jpg_0c7531fa-b45d-45b6-94bb-0c970d5a9d50.jpg?v=1775471338|https://cdn.shopify.com/s/files/1/0912/9351/6071/files/img_bac5cd7d_20250216_a1739716051922_3370_jpg_16acdda1-8463-4484-ac9a-7e8ea634fa86.jpg?v=1775471339|https://cdn.shopify.com/s/files/1/0912/9351/6071/files/img_bac5cd7d_20250216_a1739716051923_0538_jpg_c8d57e30-305e-4a73-9bf0-ad4544b369ed.jpg?v=1775471338|https://cdn.shopify.com/s/files/1/0912/9351/6071/files/img_bac5cd7d_20250216_a1739716051928_0312_jpg_083c1673-9bb8-4704-a5c6-7434c8b628e3.jpg?v=1775471338|https://cdn.shopify.com/s/files/1/0912/9351/6071/files/img_bac5cd7d_20250216_a1739716054264_1453_jpg_6a0a7c69-ed91-4073-a4b2-a7fd9113ba16.jpg?v=1775471339|https://cdn.shopify.com/s/files/1/0912/9351/6071/files/img_bac5cd7d_20250216_a1739716054268_4647_jpg_450e4a59-c1c3-45e4-a3b0-885b52de6964.jpg?v=1775471339|https://cdn.shopify.com/s/files/1/0912/9351/6071/files/img_bac5cd7d_20250216_a1739716054270_3365_jpg_126a501e-337a-4726-a670-ae653ee180e1.jpg?v=1775471339|https://cdn.shopify.com/s/files/1/0912/9351/6071/files/img_bac5cd7d_20250216_a1739716054270_8343_jpg_cc1b2487-4c86-44f4-a83c-2a126a7d7647.jpg?v=1775471338,Hi I want The Row Sofia 19cm Dark Grey Suede,
The Row Sofia 19cm Chocolate Suede,https://cdn.shopify.com/s/files/1/0912/9351/6071/files/img_bac5cd7d_20250216_a1739715999196_5716_jpg_9ebb5bd2-6fc1-4eb4-bfe0-9cea14ea7beb.jpg?v=1775471340,handbags,the-row,https://cdn.shopify.com/s/files/1/0912/9351/6071/files/img_bac5cd7d_20250216_a1739715999196_5716_jpg_9ebb5bd2-6fc1-4eb4-bfe0-9cea14ea7beb.jpg?v=1775471340|https://cdn.shopify.com/s/files/1/0912/9351/6071/files/img_bac5cd7d_20250216_a1739715999200_2025_jpg_e7b87fac-5d37-48ee-bd3e-b6a05579de13.jpg?v=1775471340|https://cdn.shopify.com/s/files/1/0912/9351/6071/files/img_bac5cd7d_20250216_a1739715999206_4143_jpg_2f72de2a-0e38-4a9c-bae9-9dc9c374b213.jpg?v=1775471340|https://cdn.shopify.com/s/files/1/0912/9351/6071/files/img_bac5cd7d_20250216_a1739715999210_2666_jpg_1e592298-bdf4-4c4d-b109-d9db9d3fe8ec.jpg?v=1775471340|https://cdn.shopify.com/s/files/1/0912/9351/6071/files/img_bac5cd7d_20250216_a1739715999211_2480_jpg_55e9fb58-3b39-42de-bd60-eb175c1d9b1c.jpg?v=1775471340|https://cdn.shopify.com/s/files/1/0912/9351/6071/files/img_bac5cd7d_20250216_a1739716001299_2313_jpg_977a045e-73a3-477d-bfe8-e8132e7eb8bc.jpg?v=1775471340|https://cdn.shopify.com/s/files/1/0912/9351/6071/files/img_bac5cd7d_20250216_a1739716001301_4453_jpg_0b9fdd73-790e-46db-8b16-0cda6a82d3c7.jpg?v=1775471340|https://cdn.shopify.com/s/files/1/0912/9351/6071/files/img_bac5cd7d_20250216_a1739716001301_6816_jpg_060ecfc8-74ed-4416-a875-05d605cc1e9a.jpg?v=1775471340|https://cdn.shopify.com/s/files/1/0912/9351/6071/files/img_bac5cd7d_20250216_a1739716001302_2662_jpg_5f7766ae-0aa5-4011-b5ff-9c1752ce9474.jpg?v=1775471340,Hi I want The Row Sofia 19cm Chocolate Suede,
The Row Alexia Tote Bag 36cm Elephant Ans Leather,https://cdn.shopify.com/s/files/1/0912/9351/6071/files/img_bac5cd7d_20250216_a1739715946406_1285_jpg.jpg?v=1759118508,handbags,the-row,https://cdn.shopify.com/s/files/1/0912/9351/6071/files/img_bac5cd7d_20250216_a1739715946406_1285_jpg.jpg?v=1759118508|https://cdn.shopify.com/s/files/1/0912/9351/6071/files/img_bac5cd7d_20250216_a1739715946403_2078_jpg.jpg?v=1759118508|https://cdn.shopify.com/s/files/1/0912/9351/6071/files/img_bac5cd7d_20250216_a1739715946404_1778_jpg.jpg?v=1759118508|https://cdn.shopify.com/s/files/1/0912/9351/6071/files/img_bac5cd7d_20250216_a1739715946404_6763_jpg.jpg?v=1759118509|https://cdn.shopify.com/s/files/1/0912/9351/6071/files/img_bac5cd7d_20250216_a1739715949618_7183_jpg.jpg?v=1759118509|https://cdn.shopify.com/s/files/1/0912/9351/6071/files/img_bac5cd7d_20250216_a1739715946396_7325_jpg.jpg?v=1759118509|https://cdn.shopify.com/s/files/1/0912/9351/6071/files/img_bac5cd7d_20250216_a1739715949620_3581_jpg.jpg?v=1759118509|https://cdn.shopify.com/s/files/1/0912/9351/6071/files/img_bac5cd7d_20250216_a1739715949622_7755_jpg.jpg?v=1759118509|https://cdn.shopify.com/s/files/1/0912/9351/6071/files/img_bac5cd7d_20250216_a1739715949623_3712_jpg.jpg?v=1759118509,Hi I want The Row Alexia Tote Bag 36cm Elephant Ans Leather,
The Row Alexia Tote Bag 36cm Black Leather,https://cdn.shopify.com/s/files/1/0912/9351/6071/files/img_bac5cd7d_20250216_a1739715913944_5512_jpg.jpg?v=1759118521,handbags,the-row,https://cdn.shopify.com/s/files/1/0912/9351/6071/files/img_bac5cd7d_20250216_a1739715913944_5512_jpg.jpg?v=1759118521|https://cdn.shopify.com/s/files/1/0912/9351/6071/files/img_bac5cd7d_20250216_a1739715913916_4150_jpg.jpg?v=1759118521|https://cdn.shopify.com/s/files/1/0912/9351/6071/files/img_bac5cd7d_20250216_a1739715913939_5058_jpg.jpg?v=1759118521|https://cdn.shopify.com/s/files/1/0912/9351/6071/files/img_bac5cd7d_20250216_a1739715913941_0332_jpg.jpg?v=1759118521|https://cdn.shopify.com/s/files/1/0912/9351/6071/files/img_bac5cd7d_20250216_a1739715913942_6517_jpg.jpg?v=1759118521|https://cdn.shopify.com/s/files/1/0912/9351/6071/files/img_bac5cd7d_20250216_a1739715917117_0430_jpg.jpg?v=1759118521|https://cdn.shopify.com/s/files/1/0912/9351/6071/files/img_bac5cd7d_20250216_a1739715917118_3186_jpg.jpg?v=1759118521,Hi I want The Row Alexia Tote Bag 36cm Black Leather,
The Row 90's Bag in Leather,https://cdn.shopify.com/s/files/1/0912/9351/6071/files/i1739707749086_7536_0_0.jpg?v=1759118537,handbags,the-row,https://cdn.shopify.com/s/files/1/0912/9351/6071/files/i1739707749086_7536_0_0.jpg?v=1759118537|https://cdn.shopify.com/s/files/1/0912/9351/6071/files/img_69643dc5_20250216_i1739707727855_4094_0_6_jpg.jpg?v=1759118537|https://cdn.shopify.com/s/files/1/0912/9351/6071/files/img_69643dc5_20250216_i1739707727867_9186_0_0_jpg.jpg?v=1759118537|https://cdn.shopify.com/s/files/1/0912/9351/6071/files/img_69643dc5_20250216_i1739707727925_5242_0_3_jpg.jpg?v=1759118537|https://cdn.shopify.com/s/files/1/0912/9351/6071/files/img_69643dc5_20250216_i1739707728286_7206_0_4_jpg.jpg?v=1759118537|https://cdn.shopify.com/s/files/1/0912/9351/6071/files/img_69643dc5_20250216_i1739707728307_6287_0_7_jpg.jpg?v=1759118537|https://cdn.shopify.com/s/files/1/0912/9351/6071/files/img_69643dc5_20250216_i1739707728331_1630_0_8_jpg.jpg?v=1759118537|https://cdn.shopify.com/s/files/1/0912/9351/6071/files/img_69643dc5_20250216_i1739707705831_3336_0_4_jpg.jpg?v=1759118537|https://cdn.shopify.com/s/files/1/0912/9351/6071/files/img_69643dc5_20250216_i1739707705873_8986_0_8_jpg.jpg?v=1759118537|https://cdn.shopify.com/s/files/1/0912/9351/6071/files/img_69643dc5_20250216_i1739707706329_4852_0_3_jpg.jpg?v=1759118537|https://cdn.shopify.com/s/files/1/0912/9351/6071/files/img_69643dc5_20250216_i1739707706406_1904_0_5_jpg.jpg?v=1759118537|https://cdn.shopify.com/s/files/1/0912/9351/6071/files/img_69643dc5_20250216_i1739707705867_495_0_0_jpg.jpg?v=1759118537,Hi I want The Row 90's Bag in Leather,
The Row 90's Bag 19cm in Suede,https://cdn.shopify.com/s/files/1/0912/9351/6071/files/i1739707690545_6905_0_0.jpg?v=1759118563,handbags,the-row,https://cdn.shopify.com/s/files/1/0912/9351/6071/files/i1739707690545_6905_0_0.jpg?v=1759118563|https://cdn.shopify.com/s/files/1/0912/9351/6071/files/img_69643dc5_20250216_i1739707649536_8582_0_8_jpg.jpg?v=1759118563|https://cdn.shopify.com/s/files/1/0912/9351/6071/files/img_69643dc5_20250216_i1739707649223_384_0_1_jpg.jpg?v=1759118563|https://cdn.shopify.com/s/files/1/0912/9351/6071/files/img_69643dc5_20250216_i1739707649228_5405_0_3_jpg.jpg?v=1759118563|https://cdn.shopify.com/s/files/1/0912/9351/6071/files/img_69643dc5_20250216_i1739707649228_7235_0_0_jpg.jpg?v=1759118563|https://cdn.shopify.com/s/files/1/0912/9351/6071/files/img_69643dc5_20250216_i1739707649233_1583_0_6_jpg.jpg?v=1759118563|https://cdn.shopify.com/s/files/1/0912/9351/6071/files/img_69643dc5_20250216_i1739707649296_7475_0_7_jpg.jpg?v=1759118563|https://cdn.shopify.com/s/files/1/0912/9351/6071/files/img_69643dc5_20250216_i1739707649674_7300_0_4_jpg.jpg?v=1759118563|https://cdn.shopify.com/s/files/1/0912/9351/6071/files/img_69643dc5_20250216_i1739707649702_3975_0_2_jpg.jpg?v=1759118563|https://cdn.shopify.com/s/files/1/0912/9351/6071/files/img_69643dc5_20250216_i1739707649710_1209_0_5_jpg.jpg?v=1759118563|https://cdn.shopify.com/s/files/1/0912/9351/6071/files/img_69643dc5_20250216_i1739707674020_1206_0_1_jpg.jpg?v=1759118563|https://cdn.shopify.com/s/files/1/0912/9351/6071/files/img_69643dc5_20250216_i1739707674043_542_0_6_jpg.jpg?v=1759118563|https://cdn.shopify.com/s/files/1/0912/9351/6071/files/img_69643dc5_20250216_i1739707674043_5901_0_0_jpg.jpg?v=1759118563|https://cdn.shopify.com/s/files/1/0912/9351/6071/files/img_69643dc5_20250216_i1739707674045_8475_0_2_jpg.jpg?v=1759118563|https://cdn.shopify.com/s/files/1/0912/9351/6071/files/img_69643dc5_20250216_i1739707674054_8891_0_3_jpg.jpg?v=1759118563|https://cdn.shopify.com/s/files/1/0912/9351/6071/files/img_69643dc5_20250216_i1739707674410_2982_0_8_jpg.jpg?v=1759118563|https://cdn.shopify.com/s/files/1/0912/9351/6071/files/img_69643dc5_20250216_i1739707674536_3282_0_5_jpg.jpg?v=1759118563|https://cdn.shopify.com/s/files/1/0912/9351/6071/files/img_69643dc5_20250216_i1739707674551_3113_0_7_jpg.jpg?v=1759118563|https://cdn.shopify.com/s/files/1/0912/9351/6071/files/img_69643dc5_20250216_i1739707674569_8198_0_4_jpg.jpg?v=1759118563,Hi I want The Row 90's Bag 19cm in Suede,
The Row Terasse Shoulder Bag 32cm Black Calfskin,https://cdn.shopify.com/s/files/1/0912/9351/6071/files/img_69643dc5_20250224_i1740367700738_310_0_0_jpg.jpg?v=1759118691,handbags,the-row,https://cdn.shopify.com/s/files/1/0912/9351/6071/files/img_69643dc5_20250224_i1740367700738_310_0_0_jpg.jpg?v=1759118691|https://cdn.shopify.com/s/files/1/0912/9351/6071/files/img_69643dc5_20250224_i1740367700738_2672_0_6_jpg.jpg?v=1759118691|https://cdn.shopify.com/s/files/1/0912/9351/6071/files/img_69643dc5_20250224_i1740367700738_540_0_3_jpg.jpg?v=1759118691|https://cdn.shopify.com/s/files/1/0912/9351/6071/files/img_69643dc5_20250224_i1740367700738_7510_0_2_jpg.jpg?v=1759118691|https://cdn.shopify.com/s/files/1/0912/9351/6071/files/img_69643dc5_20250224_i1740367700738_813_0_1_jpg.jpg?v=1759118691|https://cdn.shopify.com/s/files/1/0912/9351/6071/files/img_69643dc5_20250224_i1740367703367_1148_0_8_jpg.jpg?v=1759118691|https://cdn.shopify.com/s/files/1/0912/9351/6071/files/img_69643dc5_20250224_i1740367703372_9797_0_5_jpg.jpg?v=1759118691|https://cdn.shopify.com/s/files/1/0912/9351/6071/files/img_69643dc5_20250224_i1740367703381_1497_0_7_jpg.jpg?v=1759118691|https://cdn.shopify.com/s/files/1/0912/9351/6071/files/img_69643dc5_20250224_i1740367703401_9236_0_4_jpg.jpg?v=1759118691,Hi I want The Row Terasse Shoulder Bag 32cm Black Calfskin,
The Row Margaux 15 38cm Tote Bag Teal Blue Suede,https://cdn.shopify.com/s/files/1/0912/9351/6071/files/20221221_i1671608763_7887_5_jpg.jpg?v=1759118784,handbags,the-row,https://cdn.shopify.com/s/files/1/0912/9351/6071/files/20221221_i1671608763_7887_5_jpg.jpg?v=1759118784|https://cdn.shopify.com/s/files/1/0912/9351/6071/files/20221221_i1671608763_4060_7_jpg.jpg?v=1759118784|https://cdn.shopify.com/s/files/1/0912/9351/6071/files/20221221_i1671608763_4713_0_jpg.jpg?v=1759118784|https://cdn.shopify.com/s/files/1/0912/9351/6071/files/20221221_i1671608763_9054_8_jpg.jpg?v=1759118784|https://cdn.shopify.com/s/files/1/0912/9351/6071/files/20221221_i1671608763_9888_1_jpg.jpg?v=1759118784|https://cdn.shopify.com/s/files/1/0912/9351/6071/files/20221221_i1671608763_6464_6_jpg.jpg?v=1759118784|https://cdn.shopify.com/s/files/1/0912/9351/6071/files/20221221_i1671608763_8212_4_jpg.jpg?v=1759118784|https://cdn.shopify.com/s/files/1/0912/9351/6071/files/20221221_i1671608763_9366_3_jpg.jpg?v=1759118784|https://cdn.shopify.com/s/files/1/0912/9351/6071/files/20221221_i1671608763_9112_2_jpg.jpg?v=1759118784,Hi I want The Row Margaux 15 38cm Tote Bag Teal Blue Suede,
